delete from payment;
delete from reservation_ticket;
delete from reservation;
delete from concert_seat;
delete from concert_schedule;
delete from concert;
delete from user_asset;

insert into 
    user_asset(user_id, balance)
values 
    (0, 0),
    (1, 0);

insert into 
    concert(id, name, description)
values 
    (0, '아이유 콘서트', '2024.07.17 ~ 2024.07.19');

insert into 
    concert_schedule(id, concert_id, place, reservation_st_date, reservation_end_date, concert_date)
values 
    (0, 0, '잠실', '2024-07-01', '2024-12-05', '2024-12-17'),
    (1, 0, '잠실', '2024-07-01', '2024-12-05', '2024-12-18'),
    (2, 0, '잠실', '2024-07-01', '2024-12-05', '2024-12-19');

insert into 
    concert_seat(id, concert_schedule_id, location, price, reserved)
values
    (0, 0, 'R1', 100000, false),
    (1, 0, 'R2', 120000, false),
    (2, 0, 'R3', 130000, false),
    (3, 0, 'L1', 140000, false),
    (4, 0, 'L2', 150000, false),
    (5, 0, 'L3', 160000, false),
    (6, 1, 'R1', 300000, false),
    (7, 1, 'R2', 320000, false),
    (8, 1, 'R3', 330000, false),
    (9, 1, 'L1', 340000, false),
    (10, 1, 'L2', 350000, false),
    (11, 1, 'L3', 360000, false),
    (12, 2, 'R1', 200000, false),
    (13, 2, 'R2', 220000, false),
    (14, 2, 'R3', 230000, false),
    (15, 2, 'L1', 240000, false),
    (16, 2, 'L2', 250000, false),
    (17, 2, 'L3', 260000, false),
    (18, 2, 'L1', 240000, false),
    (19, 2, 'L2', 250000, false),
    (20, 1, 'L2', 350000, false),
    (21, 1, 'L3', 360000, false),
    (22, 2, 'R1', 200000, false),
    (23, 2, 'R2', 220000, false),
    (24, 2, 'R3', 230000, false),
    (25, 2, 'L1', 240000, false),
    (26, 2, 'L2', 250000, false),
    (27, 2, 'L3', 260000, false),
    (28, 2, 'L1', 240000, false),
    (29, 2, 'L2', 250000, false),
    (30, 1, 'L2', 350000, false),
    (31, 1, 'L3', 360000, false),
    (32, 2, 'R1', 200000, false),
    (33, 2, 'R2', 220000, false),
    (34, 2, 'R3', 230000, false),
    (35, 2, 'L1', 240000, false),
    (36, 2, 'L2', 250000, false),
    (37, 2, 'L3', 260000, false),
    (38, 2, 'L1', 240000, false),
    (39, 2, 'L2', 250000, false),
    (40, 1, 'L2', 350000, false),
    (41, 1, 'L3', 360000, false),
    (42, 2, 'R1', 200000, false),
    (43, 2, 'R2', 220000, false),
    (44, 2, 'R3', 230000, false),
    (45, 2, 'L1', 240000, false),
    (46, 2, 'L2', 250000, false),
    (47, 2, 'L3', 260000, false),
    (48, 2, 'L1', 240000, false),
    (49, 2, 'L2', 250000, false),
    (50, 1, 'L2', 350000, false),
    (51, 1, 'L3', 360000, false),
    (52, 2, 'R1', 200000, false),
    (53, 2, 'R2', 220000, false),
    (54, 2, 'R3', 230000, false),
    (55, 2, 'L1', 240000, false),
    (56, 2, 'L2', 250000, false),
    (57, 2, 'L3', 260000, false),
    (58, 2, 'L1', 240000, false),
    (59, 2, 'L2', 250000, false),
    (60, 1, 'L2', 350000, false),
    (61, 1, 'L3', 360000, false),
    (62, 2, 'R1', 200000, false),
    (63, 2, 'R2', 220000, false),
    (64, 2, 'R3', 230000, false),
    (65, 2, 'L1', 240000, false),
    (66, 2, 'L2', 250000, false),
    (67, 2, 'L3', 260000, false),
    (68, 2, 'L1', 240000, false),
    (79, 2, 'L2', 250000, false),
    (70, 1, 'L2', 350000, false),
    (71, 1, 'L3', 360000, false),
    (72, 2, 'R1', 200000, false),
    (73, 2, 'R2', 220000, false),
    (74, 2, 'R3', 230000, false),
    (75, 2, 'L1', 240000, false),
    (76, 2, 'L2', 250000, false),
    (77, 2, 'L3', 260000, false),
    (78, 2, 'L1', 240000, false),
    (79, 2, 'L2', 250000, false),
    (79, 2, 'L2', 250000, false),
    (80, 1, 'L2', 350000, false),
    (81, 1, 'L3', 360000, false),
    (82, 2, 'R1', 200000, false),
    (83, 2, 'R2', 220000, false),
    (84, 2, 'R3', 230000, false),
    (85, 2, 'L1', 240000, false),
    (86, 2, 'L2', 250000, false),
    (87, 2, 'L3', 260000, false),
    (88, 2, 'L1', 240000, false),
    (89, 2, 'L2', 250000, false),
    (90, 1, 'L2', 350000, false),
    (91, 1, 'L3', 360000, false),
    (92, 2, 'R1', 200000, false),
    (93, 2, 'R2', 220000, false),
    (94, 2, 'R3', 230000, false),
    (95, 2, 'L1', 240000, false),
    (96, 2, 'L2', 250000, false),
    (97, 2, 'L3', 260000, false),
    (98, 2, 'L1', 240000, false),
    (99, 2, 'L2', 250000, false),
    (100, 0, 'R1', 100000, false),
    (101, 0, 'R2', 120000, false),
    (102, 0, 'R3', 130000, false),
    (103, 0, 'L1', 140000, false),
    (104, 0, 'L2', 150000, false),
    (105, 0, 'L3', 160000, false),
    (106, 1, 'R1', 300000, false),
    (107, 1, 'R2', 320000, false),
    (108, 1, 'R3', 330000, false),
    (109, 1, 'L1', 340000, false),
    (110, 1, 'L2', 350000, false),
    (111, 1, 'L3', 360000, false),
    (112, 2, 'R1', 200000, false),
    (113, 2, 'R2', 220000, false),
    (114, 2, 'R3', 230000, false),
    (115, 2, 'L1', 240000, false),
    (116, 2, 'L2', 250000, false),
    (117, 2, 'L3', 260000, false),
    (118, 2, 'L1', 240000, false),
    (119, 2, 'L2', 250000, false),
    (120, 1, 'L2', 350000, false),
    (121, 1, 'L3', 360000, false),
    (122, 2, 'R1', 200000, false),
    (123, 2, 'R2', 220000, false),
    (124, 2, 'R3', 230000, false),
    (125, 2, 'L1', 240000, false),
    (126, 2, 'L2', 250000, false),
    (127, 2, 'L3', 260000, false),
    (128, 2, 'L1', 240000, false),
    (129, 2, 'L2', 250000, false),
    (130, 1, 'L2', 350000, false),
    (131, 1, 'L3', 360000, false),
    (132, 2, 'R1', 200000, false),
    (133, 2, 'R2', 220000, false),
    (134, 2, 'R3', 230000, false),
    (135, 2, 'L1', 240000, false),
    (136, 2, 'L2', 250000, false),
    (137, 2, 'L3', 260000, false),
    (138, 2, 'L1', 240000, false),
    (139, 2, 'L2', 250000, false),
    (140, 1, 'L2', 350000, false),
    (141, 1, 'L3', 360000, false),
    (142, 2, 'R1', 200000, false),
    (143, 2, 'R2', 220000, false),
    (144, 2, 'R3', 230000, false),
    (145, 2, 'L1', 240000, false),
    (146, 2, 'L2', 250000, false),
    (147, 2, 'L3', 260000, false),
    (148, 2, 'L1', 240000, false),
    (149, 2, 'L2', 250000, false),
    (150, 1, 'L2', 350000, false),
    (151, 1, 'L3', 360000, false),
    (152, 2, 'R1', 200000, false),
    (153, 2, 'R2', 220000, false),
    (154, 2, 'R3', 230000, false),
    (155, 2, 'L1', 240000, false),
    (156, 2, 'L2', 250000, false),
    (157, 2, 'L3', 260000, false),
    (158, 2, 'L1', 240000, false),
    (159, 2, 'L2', 250000, false),
    (160, 1, 'L2', 350000, false),
    (161, 1, 'L3', 360000, false),
    (162, 2, 'R1', 200000, false),
    (163, 2, 'R2', 220000, false),
    (164, 2, 'R3', 230000, false),
    (165, 2, 'L1', 240000, false),
    (166, 2, 'L2', 250000, false),
    (167, 2, 'L3', 260000, false),
    (168, 2, 'L1', 240000, false),
    (179, 2, 'L2', 250000, false),
    (170, 1, 'L2', 350000, false),
    (171, 1, 'L3', 360000, false),
    (172, 2, 'R1', 200000, false),
    (173, 2, 'R2', 220000, false),
    (174, 2, 'R3', 230000, false),
    (175, 2, 'L1', 240000, false),
    (176, 2, 'L2', 250000, false),
    (177, 2, 'L3', 260000, false),
    (178, 2, 'L1', 240000, false),
    (179, 2, 'L2', 250000, false),
    (179, 2, 'L2', 250000, false),
    (180, 1, 'L2', 350000, false),
    (181, 1, 'L3', 360000, false),
    (182, 2, 'R1', 200000, false),
    (183, 2, 'R2', 220000, false),
    (184, 2, 'R3', 230000, false),
    (185, 2, 'L1', 240000, false),
    (186, 2, 'L2', 250000, false),
    (187, 2, 'L3', 260000, false),
    (188, 2, 'L1', 240000, false),
    (189, 2, 'L2', 250000, false),
    (190, 1, 'L2', 350000, false),
    (191, 1, 'L3', 360000, false),
    (192, 2, 'R1', 200000, false),
    (193, 2, 'R2', 220000, false),
    (194, 2, 'R3', 230000, false),
    (195, 2, 'L1', 240000, false),
    (196, 2, 'L2', 250000, false),
    (197, 2, 'L3', 260000, false),
    (198, 2, 'L1', 240000, false),
    (199, 2, 'L2', 250000, false),
    (100, 0, 'R1', 100000, false),
    (201, 0, 'R2', 120000, false),
    (202, 0, 'R3', 130000, false),
    (203, 0, 'L1', 140000, false),
    (204, 0, 'L2', 150000, false),
    (205, 0, 'L3', 160000, false),
    (206, 1, 'R1', 300000, false),
    (207, 1, 'R2', 320000, false),
    (208, 1, 'R3', 330000, false),
    (209, 1, 'L1', 340000, false),
    (210, 1, 'L2', 350000, false),
    (211, 1, 'L3', 360000, false),
    (212, 2, 'R1', 200000, false),
    (213, 2, 'R2', 220000, false),
    (214, 2, 'R3', 230000, false),
    (215, 2, 'L1', 240000, false),
    (216, 2, 'L2', 250000, false),
    (217, 2, 'L3', 260000, false),
    (218, 2, 'L1', 240000, false),
    (219, 2, 'L2', 250000, false),
    (220, 1, 'L2', 350000, false),
    (221, 1, 'L3', 360000, false),
    (222, 2, 'R1', 200000, false),
    (223, 2, 'R2', 220000, false),
    (224, 2, 'R3', 230000, false),
    (225, 2, 'L1', 240000, false),
    (226, 2, 'L2', 250000, false),
    (227, 2, 'L3', 260000, false),
    (228, 2, 'L1', 240000, false),
    (229, 2, 'L2', 250000, false),
    (230, 1, 'L2', 350000, false),
    (231, 1, 'L3', 360000, false),
    (232, 2, 'R1', 200000, false),
    (233, 2, 'R2', 220000, false),
    (234, 2, 'R3', 230000, false),
    (235, 2, 'L1', 240000, false),
    (236, 2, 'L2', 250000, false),
    (237, 2, 'L3', 260000, false),
    (238, 2, 'L1', 240000, false),
    (239, 2, 'L2', 250000, false),
    (240, 1, 'L2', 350000, false),
    (241, 1, 'L3', 360000, false),
    (242, 2, 'R1', 200000, false),
    (243, 2, 'R2', 220000, false),
    (244, 2, 'R3', 230000, false),
    (245, 2, 'L1', 240000, false),
    (246, 2, 'L2', 250000, false),
    (247, 2, 'L3', 260000, false),
    (248, 2, 'L1', 240000, false),
    (249, 2, 'L2', 250000, false),
    (250, 1, 'L2', 350000, false),
    (251, 1, 'L3', 360000, false),
    (252, 2, 'R1', 200000, false),
    (253, 2, 'R2', 220000, false),
    (254, 2, 'R3', 230000, false),
    (255, 2, 'L1', 240000, false),
    (256, 2, 'L2', 250000, false),
    (257, 2, 'L3', 260000, false),
    (258, 2, 'L1', 240000, false),
    (259, 2, 'L2', 250000, false),
    (260, 1, 'L2', 350000, false),
    (261, 1, 'L3', 360000, false),
    (262, 2, 'R1', 200000, false),
    (263, 2, 'R2', 220000, false),
    (264, 2, 'R3', 230000, false),
    (265, 2, 'L1', 240000, false),
    (266, 2, 'L2', 250000, false),
    (267, 2, 'L3', 260000, false),
    (268, 2, 'L1', 240000, false),
    (279, 2, 'L2', 250000, false),
    (270, 1, 'L2', 350000, false),
    (271, 1, 'L3', 360000, false),
    (272, 2, 'R1', 200000, false),
    (273, 2, 'R2', 220000, false),
    (274, 2, 'R3', 230000, false),
    (275, 2, 'L1', 240000, false),
    (276, 2, 'L2', 250000, false),
    (277, 2, 'L3', 260000, false),
    (278, 2, 'L1', 240000, false),
    (279, 2, 'L2', 250000, false),
    (279, 2, 'L2', 250000, false),
    (280, 1, 'L2', 350000, false),
    (281, 1, 'L3', 360000, false),
    (282, 2, 'R1', 200000, false),
    (283, 2, 'R2', 220000, false),
    (284, 2, 'R3', 230000, false),
    (285, 2, 'L1', 240000, false),
    (286, 2, 'L2', 250000, false),
    (287, 2, 'L3', 260000, false),
    (288, 2, 'L1', 240000, false),
    (289, 2, 'L2', 250000, false),
    (290, 1, 'L2', 350000, false),
    (291, 1, 'L3', 360000, false),
    (292, 2, 'R1', 200000, false),
    (293, 2, 'R2', 220000, false),
    (294, 2, 'R3', 230000, false),
    (295, 2, 'L1', 240000, false),
    (296, 2, 'L2', 250000, false),
    (297, 2, 'L3', 260000, false),
    (298, 2, 'L1', 240000, false),
    (299, 2, 'L2', 250000, false),
    (1100, 0, 'R1', 100000, false),
    (1101, 0, 'R2', 120000, false),
    (1102, 0, 'R3', 130000, false),
    (1103, 0, 'L1', 140000, false),
    (1104, 0, 'L2', 150000, false),
    (1105, 0, 'L3', 160000, false),
    (1106, 1, 'R1', 300000, false),
    (1107, 1, 'R2', 320000, false),
    (1108, 1, 'R3', 330000, false),
    (1109, 1, 'L1', 340000, false),
    (1110, 1, 'L2', 350000, false),
    (1111, 1, 'L3', 360000, false),
    (1112, 2, 'R1', 200000, false),
    (1113, 2, 'R2', 220000, false),
    (1114, 2, 'R3', 230000, false),
    (1115, 2, 'L1', 240000, false),
    (1116, 2, 'L2', 250000, false),
    (1117, 2, 'L3', 260000, false),
    (1118, 2, 'L1', 240000, false),
    (1119, 2, 'L2', 250000, false),
    (1120, 1, 'L2', 350000, false),
    (1121, 1, 'L3', 360000, false),
    (1122, 2, 'R1', 200000, false),
    (1123, 2, 'R2', 220000, false),
    (1124, 2, 'R3', 230000, false),
    (1125, 2, 'L1', 240000, false),
    (1126, 2, 'L2', 250000, false),
    (1127, 2, 'L3', 260000, false),
    (1128, 2, 'L1', 240000, false),
    (1129, 2, 'L2', 250000, false),
    (1130, 1, 'L2', 350000, false),
    (1131, 1, 'L3', 360000, false),
    (1132, 2, 'R1', 200000, false),
    (1133, 2, 'R2', 220000, false),
    (1134, 2, 'R3', 230000, false),
    (1135, 2, 'L1', 240000, false),
    (1136, 2, 'L2', 250000, false),
    (1137, 2, 'L3', 260000, false),
    (1138, 2, 'L1', 240000, false),
    (1139, 2, 'L2', 250000, false),
    (1140, 1, 'L2', 350000, false),
    (1141, 1, 'L3', 360000, false),
    (1142, 2, 'R1', 200000, false),
    (1143, 2, 'R2', 220000, false),
    (1144, 2, 'R3', 230000, false),
    (1145, 2, 'L1', 240000, false),
    (1146, 2, 'L2', 250000, false),
    (1147, 2, 'L3', 260000, false),
    (1148, 2, 'L1', 240000, false),
    (1149, 2, 'L2', 250000, false),
    (1150, 1, 'L2', 350000, false),
    (1151, 1, 'L3', 360000, false),
    (1152, 2, 'R1', 200000, false),
    (1153, 2, 'R2', 220000, false),
    (1154, 2, 'R3', 230000, false),
    (1155, 2, 'L1', 240000, false),
    (1156, 2, 'L2', 250000, false),
    (1157, 2, 'L3', 260000, false),
    (1158, 2, 'L1', 240000, false),
    (1159, 2, 'L2', 250000, false),
    (1160, 1, 'L2', 350000, false),
    (1161, 1, 'L3', 360000, false),
    (1162, 2, 'R1', 200000, false),
    (1163, 2, 'R2', 220000, false),
    (1164, 2, 'R3', 230000, false),
    (1165, 2, 'L1', 240000, false),
    (1166, 2, 'L2', 250000, false),
    (1167, 2, 'L3', 260000, false),
    (1168, 2, 'L1', 240000, false),
    (1179, 2, 'L2', 250000, false),
    (1170, 1, 'L2', 350000, false),
    (1171, 1, 'L3', 360000, false),
    (1172, 2, 'R1', 200000, false),
    (1173, 2, 'R2', 220000, false),
    (1174, 2, 'R3', 230000, false),
    (1175, 2, 'L1', 240000, false),
    (1176, 2, 'L2', 250000, false),
    (1177, 2, 'L3', 260000, false),
    (1178, 2, 'L1', 240000, false),
    (1179, 2, 'L2', 250000, false),
    (1179, 2, 'L2', 250000, false),
    (1180, 1, 'L2', 350000, false),
    (1181, 1, 'L3', 360000, false),
    (1182, 2, 'R1', 200000, false),
    (1183, 2, 'R2', 220000, false),
    (1184, 2, 'R3', 230000, false),
    (1185, 2, 'L1', 240000, false),
    (1186, 2, 'L2', 250000, false),
    (1187, 2, 'L3', 260000, false),
    (1188, 2, 'L1', 240000, false),
    (1189, 2, 'L2', 250000, false),
    (1190, 1, 'L2', 350000, false),
    (1191, 1, 'L3', 360000, false),
    (1192, 2, 'R1', 200000, false),
    (1193, 2, 'R2', 220000, false),
    (1194, 2, 'R3', 230000, false),
    (1195, 2, 'L1', 240000, false),
    (1196, 2, 'L2', 250000, false),
    (1197, 2, 'L3', 260000, false),
    (1198, 2, 'L1', 240000, false),
    (1199, 2, 'L2', 250000, false),
    (1100, 0, 'R1', 100000, false),
    (1201, 0, 'R2', 120000, false),
    (1202, 0, 'R3', 130000, false),
    (1203, 0, 'L1', 140000, false),
    (1204, 0, 'L2', 150000, false),
    (1205, 0, 'L3', 160000, false),
    (1206, 1, 'R1', 300000, false),
    (1207, 1, 'R2', 320000, false),
    (1208, 1, 'R3', 330000, false),
    (1209, 1, 'L1', 340000, false),
    (1210, 1, 'L2', 350000, false),
    (1211, 1, 'L3', 360000, false),
    (1212, 2, 'R1', 200000, false),
    (1213, 2, 'R2', 220000, false),
    (1214, 2, 'R3', 230000, false),
    (1215, 2, 'L1', 240000, false),
    (1216, 2, 'L2', 250000, false),
    (1217, 2, 'L3', 260000, false),
    (1218, 2, 'L1', 240000, false),
    (1219, 2, 'L2', 250000, false),
    (1220, 1, 'L2', 350000, false),
    (1221, 1, 'L3', 360000, false),
    (1222, 2, 'R1', 200000, false),
    (1223, 2, 'R2', 220000, false),
    (1224, 2, 'R3', 230000, false),
    (1225, 2, 'L1', 240000, false),
    (1226, 2, 'L2', 250000, false),
    (1227, 2, 'L3', 260000, false),
    (1228, 2, 'L1', 240000, false),
    (1229, 2, 'L2', 250000, false),
    (1230, 1, 'L2', 350000, false),
    (1231, 1, 'L3', 360000, false),
    (1232, 2, 'R1', 200000, false),
    (1233, 2, 'R2', 220000, false),
    (1234, 2, 'R3', 230000, false),
    (1235, 2, 'L1', 240000, false),
    (1236, 2, 'L2', 250000, false),
    (1237, 2, 'L3', 260000, false),
    (1238, 2, 'L1', 240000, false),
    (1239, 2, 'L2', 250000, false),
    (1240, 1, 'L2', 350000, false),
    (1241, 1, 'L3', 360000, false),
    (1242, 2, 'R1', 200000, false),
    (1243, 2, 'R2', 220000, false),
    (1244, 2, 'R3', 230000, false),
    (1245, 2, 'L1', 240000, false),
    (1246, 2, 'L2', 250000, false),
    (1247, 2, 'L3', 260000, false),
    (1248, 2, 'L1', 240000, false),
    (1249, 2, 'L2', 250000, false),
    (1250, 1, 'L2', 350000, false),
    (1251, 1, 'L3', 360000, false),
    (1252, 2, 'R1', 200000, false),
    (1253, 2, 'R2', 220000, false),
    (1254, 2, 'R3', 230000, false),
    (1255, 2, 'L1', 240000, false),
    (1256, 2, 'L2', 250000, false),
    (1257, 2, 'L3', 260000, false),
    (1258, 2, 'L1', 240000, false),
    (1259, 2, 'L2', 250000, false),
    (1260, 1, 'L2', 350000, false),
    (1261, 1, 'L3', 360000, false),
    (1262, 2, 'R1', 200000, false),
    (1263, 2, 'R2', 220000, false),
    (1264, 2, 'R3', 230000, false),
    (1265, 2, 'L1', 240000, false),
    (1266, 2, 'L2', 250000, false),
    (1267, 2, 'L3', 260000, false),
    (1268, 2, 'L1', 240000, false),
    (1279, 2, 'L2', 250000, false),
    (1270, 1, 'L2', 350000, false),
    (1271, 1, 'L3', 360000, false),
    (1272, 2, 'R1', 200000, false),
    (1273, 2, 'R2', 220000, false),
    (1274, 2, 'R3', 230000, false),
    (1275, 2, 'L1', 240000, false),
    (1276, 2, 'L2', 250000, false),
    (1277, 2, 'L3', 260000, false),
    (1278, 2, 'L1', 240000, false),
    (1279, 2, 'L2', 250000, false),
    (1279, 2, 'L2', 250000, false),
    (1280, 1, 'L2', 350000, false),
    (1281, 1, 'L3', 360000, false),
    (1282, 2, 'R1', 200000, false),
    (1283, 2, 'R2', 220000, false),
    (1284, 2, 'R3', 230000, false),
    (1285, 2, 'L1', 240000, false),
    (1286, 2, 'L2', 250000, false),
    (1287, 2, 'L3', 260000, false),
    (1288, 2, 'L1', 240000, false),
    (1289, 2, 'L2', 250000, false),
    (1290, 1, 'L2', 350000, false),
    (1291, 1, 'L3', 360000, false),
    (1292, 2, 'R1', 200000, false),
    (1293, 2, 'R2', 220000, false),
    (1294, 2, 'R3', 230000, false),
    (1295, 2, 'L1', 240000, false),
    (1296, 2, 'L2', 250000, false),
    (1297, 2, 'L3', 260000, false),
    (1298, 2, 'L1', 240000, false),
    (1299, 2, 'L2', 250000, false);