delete from payment;
delete from reservation_ticket;
delete from reservation;
delete from concert_seat;
delete from concert_schedule;
delete from concert;
delete from user_asset;

insert into 
    concert(id, name, description)
values 
    (0, '아이유 콘서트', '2024.07.17 ~ 2024.07.19');

insert into 
    concert_schedule(id, concert_id, place, reservation_st_date, reservation_end_date, concert_date)
values 
    (0, 0, '잠실', '2024-07-01', '2024-12-05', '2024-12-17'),
    (1, 0, '잠실', '2024-07-01', '2024-12-05', '2024-12-18'),
    (2, 0, '잠실', '2024-07-01', '2024-12-05', '2024-12-19');

insert into user_asset(user_id, balance) values
(1, 0),
(2, 0),
(3, 0),
(4, 0),
(5, 0),
(6, 0),
(7, 0),
(8, 0),
(9, 0),
(10, 0),
(11, 0),
(12, 0),
(13, 0),
(14, 0),
(15, 0),
(16, 0),
(17, 0),
(18, 0),
(19, 0),
(20, 0),
(21, 0),
(22, 0),
(23, 0),
(24, 0),
(25, 0),
(26, 0),
(27, 0),
(28, 0),
(29, 0),
(30, 0),
(31, 0),
(32, 0),
(33, 0),
(34, 0),
(35, 0),
(36, 0),
(37, 0),
(38, 0),
(39, 0),
(40, 0),
(41, 0),
(42, 0),
(43, 0),
(44, 0),
(45, 0),
(46, 0),
(47, 0),
(48, 0),
(49, 0),
(50, 0),
(51, 0),
(52, 0),
(53, 0),
(54, 0),
(55, 0),
(56, 0),
(57, 0),
(58, 0),
(59, 0),
(60, 0),
(61, 0),
(62, 0),
(63, 0),
(64, 0),
(65, 0),
(66, 0),
(67, 0),
(68, 0),
(69, 0),
(70, 0),
(71, 0),
(72, 0),
(73, 0),
(74, 0),
(75, 0),
(76, 0),
(77, 0),
(78, 0),
(79, 0),
(80, 0),
(81, 0),
(82, 0),
(83, 0),
(84, 0),
(85, 0),
(86, 0),
(87, 0),
(88, 0),
(89, 0),
(90, 0),
(91, 0),
(92, 0),
(93, 0),
(94, 0),
(95, 0),
(96, 0),
(97, 0),
(98, 0),
(99, 0),
(100, 0),
(101, 0),
(102, 0),
(103, 0),
(104, 0),
(105, 0),
(106, 0),
(107, 0),
(108, 0),
(109, 0),
(110, 0),
(111, 0),
(112, 0),
(113, 0),
(114, 0),
(115, 0),
(116, 0),
(117, 0),
(118, 0),
(119, 0),
(120, 0),
(121, 0),
(122, 0),
(123, 0),
(124, 0),
(125, 0),
(126, 0),
(127, 0),
(128, 0),
(129, 0),
(130, 0),
(131, 0),
(132, 0),
(133, 0),
(134, 0),
(135, 0),
(136, 0),
(137, 0),
(138, 0),
(139, 0),
(140, 0),
(141, 0),
(142, 0),
(143, 0),
(144, 0),
(145, 0),
(146, 0),
(147, 0),
(148, 0),
(149, 0),
(150, 0),
(151, 0),
(152, 0),
(153, 0),
(154, 0),
(155, 0),
(156, 0),
(157, 0),
(158, 0),
(159, 0),
(160, 0),
(161, 0),
(162, 0),
(163, 0),
(164, 0),
(165, 0),
(166, 0),
(167, 0),
(168, 0),
(169, 0),
(170, 0),
(171, 0),
(172, 0),
(173, 0),
(174, 0),
(175, 0),
(176, 0),
(177, 0),
(178, 0),
(179, 0),
(180, 0),
(181, 0),
(182, 0),
(183, 0),
(184, 0),
(185, 0),
(186, 0),
(187, 0),
(188, 0),
(189, 0),
(190, 0),
(191, 0),
(192, 0),
(193, 0),
(194, 0),
(195, 0),
(196, 0),
(197, 0),
(198, 0),
(199, 0),
(200, 0),
(201, 0),
(202, 0),
(203, 0),
(204, 0),
(205, 0),
(206, 0),
(207, 0),
(208, 0),
(209, 0),
(210, 0),
(211, 0),
(212, 0),
(213, 0),
(214, 0),
(215, 0),
(216, 0),
(217, 0),
(218, 0),
(219, 0),
(220, 0),
(221, 0),
(222, 0),
(223, 0),
(224, 0),
(225, 0),
(226, 0),
(227, 0),
(228, 0),
(229, 0),
(230, 0),
(231, 0),
(232, 0),
(233, 0),
(234, 0),
(235, 0),
(236, 0),
(237, 0),
(238, 0),
(239, 0),
(240, 0),
(241, 0),
(242, 0),
(243, 0),
(244, 0),
(245, 0),
(246, 0),
(247, 0),
(248, 0),
(249, 0),
(250, 0),
(251, 0),
(252, 0),
(253, 0),
(254, 0),
(255, 0),
(256, 0),
(257, 0),
(258, 0),
(259, 0),
(260, 0),
(261, 0),
(262, 0),
(263, 0),
(264, 0),
(265, 0),
(266, 0),
(267, 0),
(268, 0),
(269, 0),
(270, 0),
(271, 0),
(272, 0),
(273, 0),
(274, 0),
(275, 0),
(276, 0),
(277, 0),
(278, 0),
(279, 0),
(280, 0),
(281, 0),
(282, 0),
(283, 0),
(284, 0),
(285, 0),
(286, 0),
(287, 0),
(288, 0),
(289, 0),
(290, 0),
(291, 0),
(292, 0),
(293, 0),
(294, 0),
(295, 0),
(296, 0),
(297, 0),
(298, 0),
(299, 0),
(300, 0),
(301, 0),
(302, 0),
(303, 0),
(304, 0),
(305, 0),
(306, 0),
(307, 0),
(308, 0),
(309, 0),
(310, 0),
(311, 0),
(312, 0),
(313, 0),
(314, 0),
(315, 0),
(316, 0),
(317, 0),
(318, 0),
(319, 0),
(320, 0),
(321, 0),
(322, 0),
(323, 0),
(324, 0),
(325, 0),
(326, 0),
(327, 0),
(328, 0),
(329, 0),
(330, 0),
(331, 0),
(332, 0),
(333, 0),
(334, 0),
(335, 0),
(336, 0),
(337, 0),
(338, 0),
(339, 0),
(340, 0),
(341, 0),
(342, 0),
(343, 0),
(344, 0),
(345, 0),
(346, 0),
(347, 0),
(348, 0),
(349, 0),
(350, 0),
(351, 0),
(352, 0),
(353, 0),
(354, 0),
(355, 0),
(356, 0),
(357, 0),
(358, 0),
(359, 0),
(360, 0),
(361, 0),
(362, 0),
(363, 0),
(364, 0),
(365, 0),
(366, 0),
(367, 0),
(368, 0),
(369, 0),
(370, 0),
(371, 0),
(372, 0),
(373, 0),
(374, 0),
(375, 0),
(376, 0),
(377, 0),
(378, 0),
(379, 0),
(380, 0),
(381, 0),
(382, 0),
(383, 0),
(384, 0),
(385, 0),
(386, 0),
(387, 0),
(388, 0),
(389, 0),
(390, 0),
(391, 0),
(392, 0),
(393, 0),
(394, 0),
(395, 0),
(396, 0),
(397, 0),
(398, 0),
(399, 0),
(400, 0),
(401, 0),
(402, 0),
(403, 0),
(404, 0),
(405, 0),
(406, 0),
(407, 0),
(408, 0),
(409, 0),
(410, 0),
(411, 0),
(412, 0),
(413, 0),
(414, 0),
(415, 0),
(416, 0),
(417, 0),
(418, 0),
(419, 0),
(420, 0),
(421, 0),
(422, 0),
(423, 0),
(424, 0),
(425, 0),
(426, 0),
(427, 0),
(428, 0),
(429, 0),
(430, 0),
(431, 0),
(432, 0),
(433, 0),
(434, 0),
(435, 0),
(436, 0),
(437, 0),
(438, 0),
(439, 0),
(440, 0),
(441, 0),
(442, 0),
(443, 0),
(444, 0),
(445, 0),
(446, 0),
(447, 0),
(448, 0),
(449, 0),
(450, 0),
(451, 0),
(452, 0),
(453, 0),
(454, 0),
(455, 0),
(456, 0),
(457, 0),
(458, 0),
(459, 0),
(460, 0),
(461, 0),
(462, 0),
(463, 0),
(464, 0),
(465, 0),
(466, 0),
(467, 0),
(468, 0),
(469, 0),
(470, 0),
(471, 0),
(472, 0),
(473, 0),
(474, 0),
(475, 0),
(476, 0),
(477, 0),
(478, 0),
(479, 0),
(480, 0),
(481, 0),
(482, 0),
(483, 0),
(484, 0),
(485, 0),
(486, 0),
(487, 0),
(488, 0),
(489, 0),
(490, 0),
(491, 0),
(492, 0),
(493, 0),
(494, 0),
(495, 0),
(496, 0),
(497, 0),
(498, 0),
(499, 0),
(500, 0),
(501, 0),
(502, 0),
(503, 0),
(504, 0),
(505, 0),
(506, 0),
(507, 0),
(508, 0),
(509, 0),
(510, 0),
(511, 0),
(512, 0),
(513, 0),
(514, 0),
(515, 0),
(516, 0),
(517, 0),
(518, 0),
(519, 0),
(520, 0),
(521, 0),
(522, 0),
(523, 0),
(524, 0),
(525, 0),
(526, 0),
(527, 0),
(528, 0),
(529, 0),
(530, 0),
(531, 0),
(532, 0),
(533, 0),
(534, 0),
(535, 0),
(536, 0),
(537, 0),
(538, 0),
(539, 0),
(540, 0),
(541, 0),
(542, 0),
(543, 0),
(544, 0),
(545, 0),
(546, 0),
(547, 0),
(548, 0),
(549, 0),
(550, 0),
(551, 0),
(552, 0),
(553, 0),
(554, 0),
(555, 0),
(556, 0),
(557, 0),
(558, 0),
(559, 0),
(560, 0),
(561, 0),
(562, 0),
(563, 0),
(564, 0),
(565, 0),
(566, 0),
(567, 0),
(568, 0),
(569, 0),
(570, 0),
(571, 0),
(572, 0),
(573, 0),
(574, 0),
(575, 0),
(576, 0),
(577, 0),
(578, 0),
(579, 0),
(580, 0),
(581, 0),
(582, 0),
(583, 0),
(584, 0),
(585, 0),
(586, 0),
(587, 0),
(588, 0),
(589, 0),
(590, 0),
(591, 0),
(592, 0),
(593, 0),
(594, 0),
(595, 0),
(596, 0),
(597, 0),
(598, 0),
(599, 0),
(600, 0),
(601, 0),
(602, 0),
(603, 0),
(604, 0),
(605, 0),
(606, 0),
(607, 0),
(608, 0),
(609, 0),
(610, 0),
(611, 0),
(612, 0),
(613, 0),
(614, 0),
(615, 0),
(616, 0),
(617, 0),
(618, 0),
(619, 0),
(620, 0),
(621, 0),
(622, 0),
(623, 0),
(624, 0),
(625, 0),
(626, 0),
(627, 0),
(628, 0),
(629, 0),
(630, 0),
(631, 0),
(632, 0),
(633, 0),
(634, 0),
(635, 0),
(636, 0),
(637, 0),
(638, 0),
(639, 0),
(640, 0),
(641, 0),
(642, 0),
(643, 0),
(644, 0),
(645, 0),
(646, 0),
(647, 0),
(648, 0),
(649, 0),
(650, 0),
(651, 0),
(652, 0),
(653, 0),
(654, 0),
(655, 0),
(656, 0),
(657, 0),
(658, 0),
(659, 0),
(660, 0),
(661, 0),
(662, 0),
(663, 0),
(664, 0),
(665, 0),
(666, 0),
(667, 0),
(668, 0),
(669, 0),
(670, 0),
(671, 0),
(672, 0),
(673, 0),
(674, 0),
(675, 0),
(676, 0),
(677, 0),
(678, 0),
(679, 0),
(680, 0),
(681, 0),
(682, 0),
(683, 0),
(684, 0),
(685, 0),
(686, 0),
(687, 0),
(688, 0),
(689, 0),
(690, 0),
(691, 0),
(692, 0),
(693, 0),
(694, 0),
(695, 0),
(696, 0),
(697, 0),
(698, 0),
(699, 0),
(700, 0),
(701, 0),
(702, 0),
(703, 0),
(704, 0),
(705, 0),
(706, 0),
(707, 0),
(708, 0),
(709, 0),
(710, 0),
(711, 0),
(712, 0),
(713, 0),
(714, 0),
(715, 0),
(716, 0),
(717, 0),
(718, 0),
(719, 0),
(720, 0),
(721, 0),
(722, 0),
(723, 0),
(724, 0),
(725, 0),
(726, 0),
(727, 0),
(728, 0),
(729, 0),
(730, 0),
(731, 0),
(732, 0),
(733, 0),
(734, 0),
(735, 0),
(736, 0),
(737, 0),
(738, 0),
(739, 0),
(740, 0),
(741, 0),
(742, 0),
(743, 0),
(744, 0),
(745, 0),
(746, 0),
(747, 0),
(748, 0),
(749, 0),
(750, 0),
(751, 0),
(752, 0),
(753, 0),
(754, 0),
(755, 0),
(756, 0),
(757, 0),
(758, 0),
(759, 0),
(760, 0),
(761, 0),
(762, 0),
(763, 0),
(764, 0),
(765, 0),
(766, 0),
(767, 0),
(768, 0),
(769, 0),
(770, 0),
(771, 0),
(772, 0),
(773, 0),
(774, 0),
(775, 0),
(776, 0),
(777, 0),
(778, 0),
(779, 0),
(780, 0),
(781, 0),
(782, 0),
(783, 0),
(784, 0),
(785, 0),
(786, 0),
(787, 0),
(788, 0),
(789, 0),
(790, 0),
(791, 0),
(792, 0),
(793, 0),
(794, 0),
(795, 0),
(796, 0),
(797, 0),
(798, 0),
(799, 0),
(800, 0),
(801, 0),
(802, 0),
(803, 0),
(804, 0),
(805, 0),
(806, 0),
(807, 0),
(808, 0),
(809, 0),
(810, 0),
(811, 0),
(812, 0),
(813, 0),
(814, 0),
(815, 0),
(816, 0),
(817, 0),
(818, 0),
(819, 0),
(820, 0),
(821, 0),
(822, 0),
(823, 0),
(824, 0),
(825, 0),
(826, 0),
(827, 0),
(828, 0),
(829, 0),
(830, 0),
(831, 0),
(832, 0),
(833, 0),
(834, 0),
(835, 0),
(836, 0),
(837, 0),
(838, 0),
(839, 0),
(840, 0),
(841, 0),
(842, 0),
(843, 0),
(844, 0),
(845, 0),
(846, 0),
(847, 0),
(848, 0),
(849, 0),
(850, 0),
(851, 0),
(852, 0),
(853, 0),
(854, 0),
(855, 0),
(856, 0),
(857, 0),
(858, 0),
(859, 0),
(860, 0),
(861, 0),
(862, 0),
(863, 0),
(864, 0),
(865, 0),
(866, 0),
(867, 0),
(868, 0),
(869, 0),
(870, 0),
(871, 0),
(872, 0),
(873, 0),
(874, 0),
(875, 0),
(876, 0),
(877, 0),
(878, 0),
(879, 0),
(880, 0),
(881, 0),
(882, 0),
(883, 0),
(884, 0),
(885, 0),
(886, 0),
(887, 0),
(888, 0),
(889, 0),
(890, 0),
(891, 0),
(892, 0),
(893, 0),
(894, 0),
(895, 0),
(896, 0),
(897, 0),
(898, 0),
(899, 0),
(900, 0),
(901, 0),
(902, 0),
(903, 0),
(904, 0),
(905, 0),
(906, 0),
(907, 0),
(908, 0),
(909, 0),
(910, 0),
(911, 0),
(912, 0),
(913, 0),
(914, 0),
(915, 0),
(916, 0),
(917, 0),
(918, 0),
(919, 0),
(920, 0),
(921, 0),
(922, 0),
(923, 0),
(924, 0),
(925, 0),
(926, 0),
(927, 0),
(928, 0),
(929, 0),
(930, 0),
(931, 0),
(932, 0),
(933, 0),
(934, 0),
(935, 0),
(936, 0),
(937, 0),
(938, 0),
(939, 0),
(940, 0),
(941, 0),
(942, 0),
(943, 0),
(944, 0),
(945, 0),
(946, 0),
(947, 0),
(948, 0),
(949, 0),
(950, 0),
(951, 0),
(952, 0),
(953, 0),
(954, 0),
(955, 0),
(956, 0),
(957, 0),
(958, 0),
(959, 0),
(960, 0),
(961, 0),
(962, 0),
(963, 0),
(964, 0),
(965, 0),
(966, 0),
(967, 0),
(968, 0),
(969, 0),
(970, 0),
(971, 0),
(972, 0),
(973, 0),
(974, 0),
(975, 0),
(976, 0),
(977, 0),
(978, 0),
(979, 0),
(980, 0),
(981, 0),
(982, 0),
(983, 0),
(984, 0),
(985, 0),
(986, 0),
(987, 0),
(988, 0),
(989, 0),
(990, 0),
(991, 0),
(992, 0),
(993, 0),
(994, 0),
(995, 0),
(996, 0),
(997, 0),
(998, 0),
(999, 0),
(1000, 0);

insert into concert_seat(id, concert_schedule_id, location, price, reserved) values
(1,0,'A2',10000, false),
(2,1,'A2',10000, false),
(3,2,'A2',10000, false),
(4,0,'A3',10000, false),
(5,1,'A3',10000, false),
(6,2,'A3',10000, false),
(7,0,'A4',10000, false),
(8,1,'A4',10000, false),
(9,2,'A4',10000, false),
(10,0,'A5',10000, false),
(11,1,'A5',10000, false),
(12,2,'A5',10000, false),
(13,0,'A6',10000, false),
(14,1,'A6',10000, false),
(15,2,'A6',10000, false),
(16,0,'A7',10000, false),
(17,1,'A7',10000, false),
(18,2,'A7',10000, false),
(19,0,'A8',10000, false),
(20,1,'A8',10000, false),
(21,2,'A8',10000, false),
(22,0,'A9',10000, false),
(23,1,'A9',10000, false),
(24,2,'A9',10000, false),
(25,0,'A10',10000, false),
(26,1,'A10',10000, false),
(27,2,'A10',10000, false),
(28,0,'A11',10000, false),
(29,1,'A11',10000, false),
(30,2,'A11',10000, false),
(31,0,'A12',10000, false),
(32,1,'A12',10000, false),
(33,2,'A12',10000, false),
(34,0,'A13',10000, false),
(35,1,'A13',10000, false),
(36,2,'A13',10000, false),
(37,0,'A14',10000, false),
(38,1,'A14',10000, false),
(39,2,'A14',10000, false),
(40,0,'A15',10000, false),
(41,1,'A15',10000, false),
(42,2,'A15',10000, false),
(43,0,'A16',10000, false),
(44,1,'A16',10000, false),
(45,2,'A16',10000, false),
(46,0,'A17',10000, false),
(47,1,'A17',10000, false),
(48,2,'A17',10000, false),
(49,0,'A18',10000, false),
(50,1,'A18',10000, false),
(51,2,'A18',10000, false),
(52,0,'A19',10000, false),
(53,1,'A19',10000, false),
(54,2,'A19',10000, false),
(55,0,'A20',10000, false),
(56,1,'A20',10000, false),
(57,2,'A20',10000, false),
(58,0,'A21',10000, false),
(59,1,'A21',10000, false),
(60,2,'A21',10000, false),
(61,0,'A22',10000, false),
(62,1,'A22',10000, false),
(63,2,'A22',10000, false),
(64,0,'A23',10000, false),
(65,1,'A23',10000, false),
(66,2,'A23',10000, false),
(67,0,'A24',10000, false),
(68,1,'A24',10000, false),
(69,2,'A24',10000, false),
(70,0,'A25',10000, false),
(71,1,'A25',10000, false),
(72,2,'A25',10000, false),
(73,0,'A26',10000, false),
(74,1,'A26',10000, false),
(75,2,'A26',10000, false),
(76,0,'A27',10000, false),
(77,1,'A27',10000, false),
(78,2,'A27',10000, false),
(79,0,'A28',10000, false),
(80,1,'A28',10000, false),
(81,2,'A28',10000, false),
(82,0,'A29',10000, false),
(83,1,'A29',10000, false),
(84,2,'A29',10000, false),
(85,0,'A30',10000, false),
(86,1,'A30',10000, false),
(87,2,'A30',10000, false),
(88,0,'A31',10000, false),
(89,1,'A31',10000, false),
(90,2,'A31',10000, false),
(91,0,'A32',10000, false),
(92,1,'A32',10000, false),
(93,2,'A32',10000, false),
(94,0,'A33',10000, false),
(95,1,'A33',10000, false),
(96,2,'A33',10000, false),
(97,0,'A34',10000, false),
(98,1,'A34',10000, false),
(99,2,'A34',10000, false),
(100,0,'A35',10000, false),
(101,1,'A35',10000, false),
(102,2,'A35',10000, false),
(103,0,'A36',10000, false),
(104,1,'A36',10000, false),
(105,2,'A36',10000, false),
(106,0,'A37',10000, false),
(107,1,'A37',10000, false),
(108,2,'A37',10000, false),
(109,0,'A38',10000, false),
(110,1,'A38',10000, false),
(111,2,'A38',10000, false),
(112,0,'A39',10000, false),
(113,1,'A39',10000, false),
(114,2,'A39',10000, false),
(115,0,'A40',10000, false),
(116,1,'A40',10000, false),
(117,2,'A40',10000, false),
(118,0,'A41',10000, false),
(119,1,'A41',10000, false),
(120,2,'A41',10000, false),
(121,0,'A42',10000, false),
(122,1,'A42',10000, false),
(123,2,'A42',10000, false),
(124,0,'A43',10000, false),
(125,1,'A43',10000, false),
(126,2,'A43',10000, false),
(127,0,'A44',10000, false),
(128,1,'A44',10000, false),
(129,2,'A44',10000, false),
(130,0,'A45',10000, false),
(131,1,'A45',10000, false),
(132,2,'A45',10000, false),
(133,0,'A46',10000, false),
(134,1,'A46',10000, false),
(135,2,'A46',10000, false),
(136,0,'A47',10000, false),
(137,1,'A47',10000, false),
(138,2,'A47',10000, false),
(139,0,'A48',10000, false),
(140,1,'A48',10000, false),
(141,2,'A48',10000, false),
(142,0,'A49',10000, false),
(143,1,'A49',10000, false),
(144,2,'A49',10000, false),
(145,0,'A50',10000, false),
(146,1,'A50',10000, false),
(147,2,'A50',10000, false),
(148,0,'A51',10000, false),
(149,1,'A51',10000, false),
(150,2,'A51',10000, false),
(151,0,'A52',10000, false),
(152,1,'A52',10000, false),
(153,2,'A52',10000, false),
(154,0,'A53',10000, false),
(155,1,'A53',10000, false),
(156,2,'A53',10000, false),
(157,0,'A54',10000, false),
(158,1,'A54',10000, false),
(159,2,'A54',10000, false),
(160,0,'A55',10000, false),
(161,1,'A55',10000, false),
(162,2,'A55',10000, false),
(163,0,'A56',10000, false),
(164,1,'A56',10000, false),
(165,2,'A56',10000, false),
(166,0,'A57',10000, false),
(167,1,'A57',10000, false),
(168,2,'A57',10000, false),
(169,0,'A58',10000, false),
(170,1,'A58',10000, false),
(171,2,'A58',10000, false),
(172,0,'A59',10000, false),
(173,1,'A59',10000, false),
(174,2,'A59',10000, false),
(175,0,'A60',10000, false),
(176,1,'A60',10000, false),
(177,2,'A60',10000, false),
(178,0,'A61',10000, false),
(179,1,'A61',10000, false),
(180,2,'A61',10000, false),
(181,0,'A62',10000, false),
(182,1,'A62',10000, false),
(183,2,'A62',10000, false),
(184,0,'A63',10000, false),
(185,1,'A63',10000, false),
(186,2,'A63',10000, false),
(187,0,'A64',10000, false),
(188,1,'A64',10000, false),
(189,2,'A64',10000, false),
(190,0,'A65',10000, false),
(191,1,'A65',10000, false),
(192,2,'A65',10000, false),
(193,0,'A66',10000, false),
(194,1,'A66',10000, false),
(195,2,'A66',10000, false),
(196,0,'A67',10000, false),
(197,1,'A67',10000, false),
(198,2,'A67',10000, false),
(199,0,'A68',10000, false),
(200,1,'A68',10000, false),
(201,2,'A68',10000, false),
(202,0,'A69',10000, false),
(203,1,'A69',10000, false),
(204,2,'A69',10000, false),
(205,0,'A70',10000, false),
(206,1,'A70',10000, false),
(207,2,'A70',10000, false),
(208,0,'A71',10000, false),
(209,1,'A71',10000, false),
(210,2,'A71',10000, false),
(211,0,'A72',10000, false),
(212,1,'A72',10000, false),
(213,2,'A72',10000, false),
(214,0,'A73',10000, false),
(215,1,'A73',10000, false),
(216,2,'A73',10000, false),
(217,0,'A74',10000, false),
(218,1,'A74',10000, false),
(219,2,'A74',10000, false),
(220,0,'A75',10000, false),
(221,1,'A75',10000, false),
(222,2,'A75',10000, false),
(223,0,'A76',10000, false),
(224,1,'A76',10000, false),
(225,2,'A76',10000, false),
(226,0,'A77',10000, false),
(227,1,'A77',10000, false),
(228,2,'A77',10000, false),
(229,0,'A78',10000, false),
(230,1,'A78',10000, false),
(231,2,'A78',10000, false),
(232,0,'A79',10000, false),
(233,1,'A79',10000, false),
(234,2,'A79',10000, false),
(235,0,'A80',10000, false),
(236,1,'A80',10000, false),
(237,2,'A80',10000, false),
(238,0,'A81',10000, false),
(239,1,'A81',10000, false),
(240,2,'A81',10000, false),
(241,0,'A82',10000, false),
(242,1,'A82',10000, false),
(243,2,'A82',10000, false),
(244,0,'A83',10000, false),
(245,1,'A83',10000, false),
(246,2,'A83',10000, false),
(247,0,'A84',10000, false),
(248,1,'A84',10000, false),
(249,2,'A84',10000, false),
(250,0,'A85',10000, false),
(251,1,'A85',10000, false),
(252,2,'A85',10000, false),
(253,0,'A86',10000, false),
(254,1,'A86',10000, false),
(255,2,'A86',10000, false),
(256,0,'A87',10000, false),
(257,1,'A87',10000, false),
(258,2,'A87',10000, false),
(259,0,'A88',10000, false),
(260,1,'A88',10000, false),
(261,2,'A88',10000, false),
(262,0,'A89',10000, false),
(263,1,'A89',10000, false),
(264,2,'A89',10000, false),
(265,0,'A90',10000, false),
(266,1,'A90',10000, false),
(267,2,'A90',10000, false),
(268,0,'A91',10000, false),
(269,1,'A91',10000, false),
(270,2,'A91',10000, false),
(271,0,'A92',10000, false),
(272,1,'A92',10000, false),
(273,2,'A92',10000, false),
(274,0,'A93',10000, false),
(275,1,'A93',10000, false),
(276,2,'A93',10000, false),
(277,0,'A94',10000, false),
(278,1,'A94',10000, false),
(279,2,'A94',10000, false),
(280,0,'A95',10000, false),
(281,1,'A95',10000, false),
(282,2,'A95',10000, false),
(283,0,'A96',10000, false),
(284,1,'A96',10000, false),
(285,2,'A96',10000, false),
(286,0,'A97',10000, false),
(287,1,'A97',10000, false),
(288,2,'A97',10000, false),
(289,0,'A98',10000, false),
(290,1,'A98',10000, false),
(291,2,'A98',10000, false),
(292,0,'A99',10000, false),
(293,1,'A99',10000, false),
(294,2,'A99',10000, false),
(295,0,'A100',10000, false),
(296,1,'A100',10000, false),
(297,2,'A100',10000, false),
(298,0,'B1',11000, false),
(299,1,'B1',11000, false),
(300,2,'B1',11000, false),
(301,0,'B2',11000, false),
(302,1,'B2',11000, false),
(303,2,'B2',11000, false),
(304,0,'B3',11000, false),
(305,1,'B3',11000, false),
(306,2,'B3',11000, false),
(307,0,'B4',11000, false),
(308,1,'B4',11000, false),
(309,2,'B4',11000, false),
(310,0,'B5',11000, false),
(311,1,'B5',11000, false),
(312,2,'B5',11000, false),
(313,0,'B6',11000, false),
(314,1,'B6',11000, false),
(315,2,'B6',11000, false),
(316,0,'B7',11000, false),
(317,1,'B7',11000, false),
(318,2,'B7',11000, false),
(319,0,'B8',11000, false),
(320,1,'B8',11000, false),
(321,2,'B8',11000, false),
(322,0,'B9',11000, false),
(323,1,'B9',11000, false),
(324,2,'B9',11000, false),
(325,0,'B10',11000, false),
(326,1,'B10',11000, false),
(327,2,'B10',11000, false),
(328,0,'B11',11000, false),
(329,1,'B11',11000, false),
(330,2,'B11',11000, false),
(331,0,'B12',11000, false),
(332,1,'B12',11000, false),
(333,2,'B12',11000, false),
(334,0,'B13',11000, false),
(335,1,'B13',11000, false),
(336,2,'B13',11000, false),
(337,0,'B14',11000, false),
(338,1,'B14',11000, false),
(339,2,'B14',11000, false),
(340,0,'B15',11000, false),
(341,1,'B15',11000, false),
(342,2,'B15',11000, false),
(343,0,'B16',11000, false),
(344,1,'B16',11000, false),
(345,2,'B16',11000, false),
(346,0,'B17',11000, false),
(347,1,'B17',11000, false),
(348,2,'B17',11000, false),
(349,0,'B18',11000, false),
(350,1,'B18',11000, false),
(351,2,'B18',11000, false),
(352,0,'B19',11000, false),
(353,1,'B19',11000, false),
(354,2,'B19',11000, false),
(355,0,'B20',11000, false),
(356,1,'B20',11000, false),
(357,2,'B20',11000, false),
(358,0,'B21',11000, false),
(359,1,'B21',11000, false),
(360,2,'B21',11000, false),
(361,0,'B22',11000, false),
(362,1,'B22',11000, false),
(363,2,'B22',11000, false),
(364,0,'B23',11000, false),
(365,1,'B23',11000, false),
(366,2,'B23',11000, false),
(367,0,'B24',11000, false),
(368,1,'B24',11000, false),
(369,2,'B24',11000, false),
(370,0,'B25',11000, false),
(371,1,'B25',11000, false),
(372,2,'B25',11000, false),
(373,0,'B26',11000, false),
(374,1,'B26',11000, false),
(375,2,'B26',11000, false),
(376,0,'B27',11000, false),
(377,1,'B27',11000, false),
(378,2,'B27',11000, false),
(379,0,'B28',11000, false),
(380,1,'B28',11000, false),
(381,2,'B28',11000, false),
(382,0,'B29',11000, false),
(383,1,'B29',11000, false),
(384,2,'B29',11000, false),
(385,0,'B30',11000, false),
(386,1,'B30',11000, false),
(387,2,'B30',11000, false),
(388,0,'B31',11000, false),
(389,1,'B31',11000, false),
(390,2,'B31',11000, false),
(391,0,'B32',11000, false),
(392,1,'B32',11000, false),
(393,2,'B32',11000, false),
(394,0,'B33',11000, false),
(395,1,'B33',11000, false),
(396,2,'B33',11000, false),
(397,0,'B34',11000, false),
(398,1,'B34',11000, false),
(399,2,'B34',11000, false),
(400,0,'B35',11000, false),
(401,1,'B35',11000, false),
(402,2,'B35',11000, false),
(403,0,'B36',11000, false),
(404,1,'B36',11000, false),
(405,2,'B36',11000, false),
(406,0,'B37',11000, false),
(407,1,'B37',11000, false),
(408,2,'B37',11000, false),
(409,0,'B38',11000, false),
(410,1,'B38',11000, false),
(411,2,'B38',11000, false),
(412,0,'B39',11000, false),
(413,1,'B39',11000, false),
(414,2,'B39',11000, false),
(415,0,'B40',11000, false),
(416,1,'B40',11000, false),
(417,2,'B40',11000, false),
(418,0,'B41',11000, false),
(419,1,'B41',11000, false),
(420,2,'B41',11000, false),
(421,0,'B42',11000, false),
(422,1,'B42',11000, false),
(423,2,'B42',11000, false),
(424,0,'B43',11000, false),
(425,1,'B43',11000, false),
(426,2,'B43',11000, false),
(427,0,'B44',11000, false),
(428,1,'B44',11000, false),
(429,2,'B44',11000, false),
(430,0,'B45',11000, false),
(431,1,'B45',11000, false),
(432,2,'B45',11000, false),
(433,0,'B46',11000, false),
(434,1,'B46',11000, false),
(435,2,'B46',11000, false),
(436,0,'B47',11000, false),
(437,1,'B47',11000, false),
(438,2,'B47',11000, false),
(439,0,'B48',11000, false),
(440,1,'B48',11000, false),
(441,2,'B48',11000, false),
(442,0,'B49',11000, false),
(443,1,'B49',11000, false),
(444,2,'B49',11000, false),
(445,0,'B50',11000, false),
(446,1,'B50',11000, false),
(447,2,'B50',11000, false),
(448,0,'B51',11000, false),
(449,1,'B51',11000, false),
(450,2,'B51',11000, false),
(451,0,'B52',11000, false),
(452,1,'B52',11000, false),
(453,2,'B52',11000, false),
(454,0,'B53',11000, false),
(455,1,'B53',11000, false),
(456,2,'B53',11000, false),
(457,0,'B54',11000, false),
(458,1,'B54',11000, false),
(459,2,'B54',11000, false),
(460,0,'B55',11000, false),
(461,1,'B55',11000, false),
(462,2,'B55',11000, false),
(463,0,'B56',11000, false),
(464,1,'B56',11000, false),
(465,2,'B56',11000, false),
(466,0,'B57',11000, false),
(467,1,'B57',11000, false),
(468,2,'B57',11000, false),
(469,0,'B58',11000, false),
(470,1,'B58',11000, false),
(471,2,'B58',11000, false),
(472,0,'B59',11000, false),
(473,1,'B59',11000, false),
(474,2,'B59',11000, false),
(475,0,'B60',11000, false),
(476,1,'B60',11000, false),
(477,2,'B60',11000, false),
(478,0,'B61',11000, false),
(479,1,'B61',11000, false),
(480,2,'B61',11000, false),
(481,0,'B62',11000, false),
(482,1,'B62',11000, false),
(483,2,'B62',11000, false),
(484,0,'B63',11000, false),
(485,1,'B63',11000, false),
(486,2,'B63',11000, false),
(487,0,'B64',11000, false),
(488,1,'B64',11000, false),
(489,2,'B64',11000, false),
(490,0,'B65',11000, false),
(491,1,'B65',11000, false),
(492,2,'B65',11000, false),
(493,0,'B66',11000, false),
(494,1,'B66',11000, false),
(495,2,'B66',11000, false),
(496,0,'B67',11000, false),
(497,1,'B67',11000, false),
(498,2,'B67',11000, false),
(499,0,'B68',11000, false),
(500,1,'B68',11000, false),
(501,2,'B68',11000, false),
(502,0,'B69',11000, false),
(503,1,'B69',11000, false),
(504,2,'B69',11000, false),
(505,0,'B70',11000, false),
(506,1,'B70',11000, false),
(507,2,'B70',11000, false),
(508,0,'B71',11000, false),
(509,1,'B71',11000, false),
(510,2,'B71',11000, false),
(511,0,'B72',11000, false),
(512,1,'B72',11000, false),
(513,2,'B72',11000, false),
(514,0,'B73',11000, false),
(515,1,'B73',11000, false),
(516,2,'B73',11000, false),
(517,0,'B74',11000, false),
(518,1,'B74',11000, false),
(519,2,'B74',11000, false),
(520,0,'B75',11000, false),
(521,1,'B75',11000, false),
(522,2,'B75',11000, false),
(523,0,'B76',11000, false),
(524,1,'B76',11000, false),
(525,2,'B76',11000, false),
(526,0,'B77',11000, false),
(527,1,'B77',11000, false),
(528,2,'B77',11000, false),
(529,0,'B78',11000, false),
(530,1,'B78',11000, false),
(531,2,'B78',11000, false),
(532,0,'B79',11000, false),
(533,1,'B79',11000, false),
(534,2,'B79',11000, false),
(535,0,'B80',11000, false),
(536,1,'B80',11000, false),
(537,2,'B80',11000, false),
(538,0,'B81',11000, false),
(539,1,'B81',11000, false),
(540,2,'B81',11000, false),
(541,0,'B82',11000, false),
(542,1,'B82',11000, false),
(543,2,'B82',11000, false),
(544,0,'B83',11000, false),
(545,1,'B83',11000, false),
(546,2,'B83',11000, false),
(547,0,'B84',11000, false),
(548,1,'B84',11000, false),
(549,2,'B84',11000, false),
(550,0,'B85',11000, false),
(551,1,'B85',11000, false),
(552,2,'B85',11000, false),
(553,0,'B86',11000, false),
(554,1,'B86',11000, false),
(555,2,'B86',11000, false),
(556,0,'B87',11000, false),
(557,1,'B87',11000, false),
(558,2,'B87',11000, false),
(559,0,'B88',11000, false),
(560,1,'B88',11000, false),
(561,2,'B88',11000, false),
(562,0,'B89',11000, false),
(563,1,'B89',11000, false),
(564,2,'B89',11000, false),
(565,0,'B90',11000, false),
(566,1,'B90',11000, false),
(567,2,'B90',11000, false),
(568,0,'B91',11000, false),
(569,1,'B91',11000, false),
(570,2,'B91',11000, false),
(571,0,'B92',11000, false),
(572,1,'B92',11000, false),
(573,2,'B92',11000, false),
(574,0,'B93',11000, false),
(575,1,'B93',11000, false),
(576,2,'B93',11000, false),
(577,0,'B94',11000, false),
(578,1,'B94',11000, false),
(579,2,'B94',11000, false),
(580,0,'B95',11000, false),
(581,1,'B95',11000, false),
(582,2,'B95',11000, false),
(583,0,'B96',11000, false),
(584,1,'B96',11000, false),
(585,2,'B96',11000, false),
(586,0,'B97',11000, false),
(587,1,'B97',11000, false),
(588,2,'B97',11000, false),
(589,0,'B98',11000, false),
(590,1,'B98',11000, false),
(591,2,'B98',11000, false),
(592,0,'B99',11000, false),
(593,1,'B99',11000, false),
(594,2,'B99',11000, false),
(595,0,'B100',11000, false),
(596,1,'B100',11000, false),
(597,2,'B100',11000, false),
(598,0,'C1',12000, false),
(599,1,'C1',12000, false),
(600,2,'C1',12000, false),
(601,0,'C2',12000, false),
(602,1,'C2',12000, false),
(603,2,'C2',12000, false),
(604,0,'C3',12000, false),
(605,1,'C3',12000, false),
(606,2,'C3',12000, false),
(607,0,'C4',12000, false),
(608,1,'C4',12000, false),
(609,2,'C4',12000, false),
(610,0,'C5',12000, false),
(611,1,'C5',12000, false),
(612,2,'C5',12000, false),
(613,0,'C6',12000, false),
(614,1,'C6',12000, false),
(615,2,'C6',12000, false),
(616,0,'C7',12000, false),
(617,1,'C7',12000, false),
(618,2,'C7',12000, false),
(619,0,'C8',12000, false),
(620,1,'C8',12000, false),
(621,2,'C8',12000, false),
(622,0,'C9',12000, false),
(623,1,'C9',12000, false),
(624,2,'C9',12000, false),
(625,0,'C10',12000, false),
(626,1,'C10',12000, false),
(627,2,'C10',12000, false),
(628,0,'C11',12000, false),
(629,1,'C11',12000, false),
(630,2,'C11',12000, false),
(631,0,'C12',12000, false),
(632,1,'C12',12000, false),
(633,2,'C12',12000, false),
(634,0,'C13',12000, false),
(635,1,'C13',12000, false),
(636,2,'C13',12000, false),
(637,0,'C14',12000, false),
(638,1,'C14',12000, false),
(639,2,'C14',12000, false),
(640,0,'C15',12000, false),
(641,1,'C15',12000, false),
(642,2,'C15',12000, false),
(643,0,'C16',12000, false),
(644,1,'C16',12000, false),
(645,2,'C16',12000, false),
(646,0,'C17',12000, false),
(647,1,'C17',12000, false),
(648,2,'C17',12000, false),
(649,0,'C18',12000, false),
(650,1,'C18',12000, false),
(651,2,'C18',12000, false),
(652,0,'C19',12000, false),
(653,1,'C19',12000, false),
(654,2,'C19',12000, false),
(655,0,'C20',12000, false),
(656,1,'C20',12000, false),
(657,2,'C20',12000, false),
(658,0,'C21',12000, false),
(659,1,'C21',12000, false),
(660,2,'C21',12000, false),
(661,0,'C22',12000, false),
(662,1,'C22',12000, false),
(663,2,'C22',12000, false),
(664,0,'C23',12000, false),
(665,1,'C23',12000, false),
(666,2,'C23',12000, false),
(667,0,'C24',12000, false),
(668,1,'C24',12000, false),
(669,2,'C24',12000, false),
(670,0,'C25',12000, false),
(671,1,'C25',12000, false),
(672,2,'C25',12000, false),
(673,0,'C26',12000, false),
(674,1,'C26',12000, false),
(675,2,'C26',12000, false),
(676,0,'C27',12000, false),
(677,1,'C27',12000, false),
(678,2,'C27',12000, false),
(679,0,'C28',12000, false),
(680,1,'C28',12000, false),
(681,2,'C28',12000, false),
(682,0,'C29',12000, false),
(683,1,'C29',12000, false),
(684,2,'C29',12000, false),
(685,0,'C30',12000, false),
(686,1,'C30',12000, false),
(687,2,'C30',12000, false),
(688,0,'C31',12000, false),
(689,1,'C31',12000, false),
(690,2,'C31',12000, false),
(691,0,'C32',12000, false),
(692,1,'C32',12000, false),
(693,2,'C32',12000, false),
(694,0,'C33',12000, false),
(695,1,'C33',12000, false),
(696,2,'C33',12000, false),
(697,0,'C34',12000, false),
(698,1,'C34',12000, false),
(699,2,'C34',12000, false),
(700,0,'C35',12000, false),
(701,1,'C35',12000, false),
(702,2,'C35',12000, false),
(703,0,'C36',12000, false),
(704,1,'C36',12000, false),
(705,2,'C36',12000, false),
(706,0,'C37',12000, false),
(707,1,'C37',12000, false),
(708,2,'C37',12000, false),
(709,0,'C38',12000, false),
(710,1,'C38',12000, false),
(711,2,'C38',12000, false),
(712,0,'C39',12000, false),
(713,1,'C39',12000, false),
(714,2,'C39',12000, false),
(715,0,'C40',12000, false),
(716,1,'C40',12000, false),
(717,2,'C40',12000, false),
(718,0,'C41',12000, false),
(719,1,'C41',12000, false),
(720,2,'C41',12000, false),
(721,0,'C42',12000, false),
(722,1,'C42',12000, false),
(723,2,'C42',12000, false),
(724,0,'C43',12000, false),
(725,1,'C43',12000, false),
(726,2,'C43',12000, false),
(727,0,'C44',12000, false),
(728,1,'C44',12000, false),
(729,2,'C44',12000, false),
(730,0,'C45',12000, false),
(731,1,'C45',12000, false),
(732,2,'C45',12000, false),
(733,0,'C46',12000, false),
(734,1,'C46',12000, false),
(735,2,'C46',12000, false),
(736,0,'C47',12000, false),
(737,1,'C47',12000, false),
(738,2,'C47',12000, false),
(739,0,'C48',12000, false),
(740,1,'C48',12000, false),
(741,2,'C48',12000, false),
(742,0,'C49',12000, false),
(743,1,'C49',12000, false),
(744,2,'C49',12000, false),
(745,0,'C50',12000, false),
(746,1,'C50',12000, false),
(747,2,'C50',12000, false),
(748,0,'C51',12000, false),
(749,1,'C51',12000, false),
(750,2,'C51',12000, false),
(751,0,'C52',12000, false),
(752,1,'C52',12000, false),
(753,2,'C52',12000, false),
(754,0,'C53',12000, false),
(755,1,'C53',12000, false),
(756,2,'C53',12000, false),
(757,0,'C54',12000, false),
(758,1,'C54',12000, false),
(759,2,'C54',12000, false),
(760,0,'C55',12000, false),
(761,1,'C55',12000, false),
(762,2,'C55',12000, false),
(763,0,'C56',12000, false),
(764,1,'C56',12000, false),
(765,2,'C56',12000, false),
(766,0,'C57',12000, false),
(767,1,'C57',12000, false),
(768,2,'C57',12000, false),
(769,0,'C58',12000, false),
(770,1,'C58',12000, false),
(771,2,'C58',12000, false),
(772,0,'C59',12000, false),
(773,1,'C59',12000, false),
(774,2,'C59',12000, false),
(775,0,'C60',12000, false),
(776,1,'C60',12000, false),
(777,2,'C60',12000, false),
(778,0,'C61',12000, false),
(779,1,'C61',12000, false),
(780,2,'C61',12000, false),
(781,0,'C62',12000, false),
(782,1,'C62',12000, false),
(783,2,'C62',12000, false),
(784,0,'C63',12000, false),
(785,1,'C63',12000, false),
(786,2,'C63',12000, false),
(787,0,'C64',12000, false),
(788,1,'C64',12000, false),
(789,2,'C64',12000, false),
(790,0,'C65',12000, false),
(791,1,'C65',12000, false),
(792,2,'C65',12000, false),
(793,0,'C66',12000, false),
(794,1,'C66',12000, false),
(795,2,'C66',12000, false),
(796,0,'C67',12000, false),
(797,1,'C67',12000, false),
(798,2,'C67',12000, false),
(799,0,'C68',12000, false),
(800,1,'C68',12000, false),
(801,2,'C68',12000, false),
(802,0,'C69',12000, false),
(803,1,'C69',12000, false),
(804,2,'C69',12000, false),
(805,0,'C70',12000, false),
(806,1,'C70',12000, false),
(807,2,'C70',12000, false),
(808,0,'C71',12000, false),
(809,1,'C71',12000, false),
(810,2,'C71',12000, false),
(811,0,'C72',12000, false),
(812,1,'C72',12000, false),
(813,2,'C72',12000, false),
(814,0,'C73',12000, false),
(815,1,'C73',12000, false),
(816,2,'C73',12000, false),
(817,0,'C74',12000, false),
(818,1,'C74',12000, false),
(819,2,'C74',12000, false),
(820,0,'C75',12000, false),
(821,1,'C75',12000, false),
(822,2,'C75',12000, false),
(823,0,'C76',12000, false),
(824,1,'C76',12000, false),
(825,2,'C76',12000, false),
(826,0,'C77',12000, false),
(827,1,'C77',12000, false),
(828,2,'C77',12000, false),
(829,0,'C78',12000, false),
(830,1,'C78',12000, false),
(831,2,'C78',12000, false),
(832,0,'C79',12000, false),
(833,1,'C79',12000, false),
(834,2,'C79',12000, false),
(835,0,'C80',12000, false),
(836,1,'C80',12000, false),
(837,2,'C80',12000, false),
(838,0,'C81',12000, false),
(839,1,'C81',12000, false),
(840,2,'C81',12000, false),
(841,0,'C82',12000, false),
(842,1,'C82',12000, false),
(843,2,'C82',12000, false),
(844,0,'C83',12000, false),
(845,1,'C83',12000, false),
(846,2,'C83',12000, false),
(847,0,'C84',12000, false),
(848,1,'C84',12000, false),
(849,2,'C84',12000, false),
(850,0,'C85',12000, false),
(851,1,'C85',12000, false),
(852,2,'C85',12000, false),
(853,0,'C86',12000, false),
(854,1,'C86',12000, false),
(855,2,'C86',12000, false),
(856,0,'C87',12000, false),
(857,1,'C87',12000, false),
(858,2,'C87',12000, false),
(859,0,'C88',12000, false),
(860,1,'C88',12000, false),
(861,2,'C88',12000, false),
(862,0,'C89',12000, false),
(863,1,'C89',12000, false),
(864,2,'C89',12000, false),
(865,0,'C90',12000, false),
(866,1,'C90',12000, false),
(867,2,'C90',12000, false),
(868,0,'C91',12000, false),
(869,1,'C91',12000, false),
(870,2,'C91',12000, false),
(871,0,'C92',12000, false),
(872,1,'C92',12000, false),
(873,2,'C92',12000, false),
(874,0,'C93',12000, false),
(875,1,'C93',12000, false),
(876,2,'C93',12000, false),
(877,0,'C94',12000, false),
(878,1,'C94',12000, false),
(879,2,'C94',12000, false),
(880,0,'C95',12000, false),
(881,1,'C95',12000, false),
(882,2,'C95',12000, false),
(883,0,'C96',12000, false),
(884,1,'C96',12000, false),
(885,2,'C96',12000, false),
(886,0,'C97',12000, false),
(887,1,'C97',12000, false),
(888,2,'C97',12000, false),
(889,0,'C98',12000, false),
(890,1,'C98',12000, false),
(891,2,'C98',12000, false),
(892,0,'C99',12000, false),
(893,1,'C99',12000, false),
(894,2,'C99',12000, false),
(895,0,'C100',12000, false),
(896,1,'C100',12000, false),
(897,2,'C100',12000, false),
(898,0,'D1',13000, false),
(899,1,'D1',13000, false),
(900,2,'D1',13000, false),
(901,0,'D2',13000, false),
(902,1,'D2',13000, false),
(903,2,'D2',13000, false),
(904,0,'D3',13000, false),
(905,1,'D3',13000, false),
(906,2,'D3',13000, false),
(907,0,'D4',13000, false),
(908,1,'D4',13000, false),
(909,2,'D4',13000, false),
(910,0,'D5',13000, false),
(911,1,'D5',13000, false),
(912,2,'D5',13000, false),
(913,0,'D6',13000, false),
(914,1,'D6',13000, false),
(915,2,'D6',13000, false),
(916,0,'D7',13000, false),
(917,1,'D7',13000, false),
(918,2,'D7',13000, false),
(919,0,'D8',13000, false),
(920,1,'D8',13000, false),
(921,2,'D8',13000, false),
(922,0,'D9',13000, false),
(923,1,'D9',13000, false),
(924,2,'D9',13000, false),
(925,0,'D10',13000, false),
(926,1,'D10',13000, false),
(927,2,'D10',13000, false),
(928,0,'D11',13000, false),
(929,1,'D11',13000, false),
(930,2,'D11',13000, false),
(931,0,'D12',13000, false),
(932,1,'D12',13000, false),
(933,2,'D12',13000, false),
(934,0,'D13',13000, false),
(935,1,'D13',13000, false),
(936,2,'D13',13000, false),
(937,0,'D14',13000, false),
(938,1,'D14',13000, false),
(939,2,'D14',13000, false),
(940,0,'D15',13000, false),
(941,1,'D15',13000, false),
(942,2,'D15',13000, false),
(943,0,'D16',13000, false),
(944,1,'D16',13000, false),
(945,2,'D16',13000, false),
(946,0,'D17',13000, false),
(947,1,'D17',13000, false),
(948,2,'D17',13000, false),
(949,0,'D18',13000, false),
(950,1,'D18',13000, false),
(951,2,'D18',13000, false),
(952,0,'D19',13000, false),
(953,1,'D19',13000, false),
(954,2,'D19',13000, false),
(955,0,'D20',13000, false),
(956,1,'D20',13000, false),
(957,2,'D20',13000, false),
(958,0,'D21',13000, false),
(959,1,'D21',13000, false),
(960,2,'D21',13000, false),
(961,0,'D22',13000, false),
(962,1,'D22',13000, false),
(963,2,'D22',13000, false),
(964,0,'D23',13000, false),
(965,1,'D23',13000, false),
(966,2,'D23',13000, false),
(967,0,'D24',13000, false),
(968,1,'D24',13000, false),
(969,2,'D24',13000, false),
(970,0,'D25',13000, false),
(971,1,'D25',13000, false),
(972,2,'D25',13000, false),
(973,0,'D26',13000, false),
(974,1,'D26',13000, false),
(975,2,'D26',13000, false),
(976,0,'D27',13000, false),
(977,1,'D27',13000, false),
(978,2,'D27',13000, false),
(979,0,'D28',13000, false),
(980,1,'D28',13000, false),
(981,2,'D28',13000, false),
(982,0,'D29',13000, false),
(983,1,'D29',13000, false),
(984,2,'D29',13000, false),
(985,0,'D30',13000, false),
(986,1,'D30',13000, false),
(987,2,'D30',13000, false),
(988,0,'D31',13000, false),
(989,1,'D31',13000, false),
(990,2,'D31',13000, false),
(991,0,'D32',13000, false),
(992,1,'D32',13000, false),
(993,2,'D32',13000, false),
(994,0,'D33',13000, false),
(995,1,'D33',13000, false),
(996,2,'D33',13000, false),
(997,0,'D34',13000, false),
(998,1,'D34',13000, false),
(999,2,'D34',13000, false),
(1000,0,'D35',13000, false),
(1001,1,'D35',13000, false),
(1002,2,'D35',13000, false),
(1003,0,'D36',13000, false),
(1004,1,'D36',13000, false),
(1005,2,'D36',13000, false),
(1006,0,'D37',13000, false),
(1007,1,'D37',13000, false),
(1008,2,'D37',13000, false),
(1009,0,'D38',13000, false),
(1010,1,'D38',13000, false),
(1011,2,'D38',13000, false),
(1012,0,'D39',13000, false),
(1013,1,'D39',13000, false),
(1014,2,'D39',13000, false),
(1015,0,'D40',13000, false),
(1016,1,'D40',13000, false),
(1017,2,'D40',13000, false),
(1018,0,'D41',13000, false),
(1019,1,'D41',13000, false),
(1020,2,'D41',13000, false),
(1021,0,'D42',13000, false),
(1022,1,'D42',13000, false),
(1023,2,'D42',13000, false),
(1024,0,'D43',13000, false),
(1025,1,'D43',13000, false),
(1026,2,'D43',13000, false),
(1027,0,'D44',13000, false),
(1028,1,'D44',13000, false),
(1029,2,'D44',13000, false),
(1030,0,'D45',13000, false),
(1031,1,'D45',13000, false),
(1032,2,'D45',13000, false),
(1033,0,'D46',13000, false),
(1034,1,'D46',13000, false),
(1035,2,'D46',13000, false),
(1036,0,'D47',13000, false),
(1037,1,'D47',13000, false),
(1038,2,'D47',13000, false),
(1039,0,'D48',13000, false),
(1040,1,'D48',13000, false),
(1041,2,'D48',13000, false),
(1042,0,'D49',13000, false),
(1043,1,'D49',13000, false),
(1044,2,'D49',13000, false),
(1045,0,'D50',13000, false),
(1046,1,'D50',13000, false),
(1047,2,'D50',13000, false),
(1048,0,'D51',13000, false),
(1049,1,'D51',13000, false),
(1050,2,'D51',13000, false),
(1051,0,'D52',13000, false),
(1052,1,'D52',13000, false),
(1053,2,'D52',13000, false),
(1054,0,'D53',13000, false),
(1055,1,'D53',13000, false),
(1056,2,'D53',13000, false),
(1057,0,'D54',13000, false),
(1058,1,'D54',13000, false),
(1059,2,'D54',13000, false),
(1060,0,'D55',13000, false),
(1061,1,'D55',13000, false),
(1062,2,'D55',13000, false),
(1063,0,'D56',13000, false),
(1064,1,'D56',13000, false),
(1065,2,'D56',13000, false),
(1066,0,'D57',13000, false),
(1067,1,'D57',13000, false),
(1068,2,'D57',13000, false),
(1069,0,'D58',13000, false),
(1070,1,'D58',13000, false),
(1071,2,'D58',13000, false),
(1072,0,'D59',13000, false),
(1073,1,'D59',13000, false),
(1074,2,'D59',13000, false),
(1075,0,'D60',13000, false),
(1076,1,'D60',13000, false),
(1077,2,'D60',13000, false),
(1078,0,'D61',13000, false),
(1079,1,'D61',13000, false),
(1080,2,'D61',13000, false),
(1081,0,'D62',13000, false),
(1082,1,'D62',13000, false),
(1083,2,'D62',13000, false),
(1084,0,'D63',13000, false),
(1085,1,'D63',13000, false),
(1086,2,'D63',13000, false),
(1087,0,'D64',13000, false),
(1088,1,'D64',13000, false),
(1089,2,'D64',13000, false),
(1090,0,'D65',13000, false),
(1091,1,'D65',13000, false),
(1092,2,'D65',13000, false),
(1093,0,'D66',13000, false),
(1094,1,'D66',13000, false),
(1095,2,'D66',13000, false),
(1096,0,'D67',13000, false),
(1097,1,'D67',13000, false),
(1098,2,'D67',13000, false),
(1099,0,'D68',13000, false),
(1100,1,'D68',13000, false),
(1101,2,'D68',13000, false),
(1102,0,'D69',13000, false),
(1103,1,'D69',13000, false),
(1104,2,'D69',13000, false),
(1105,0,'D70',13000, false),
(1106,1,'D70',13000, false),
(1107,2,'D70',13000, false),
(1108,0,'D71',13000, false),
(1109,1,'D71',13000, false),
(1110,2,'D71',13000, false),
(1111,0,'D72',13000, false),
(1112,1,'D72',13000, false),
(1113,2,'D72',13000, false),
(1114,0,'D73',13000, false),
(1115,1,'D73',13000, false),
(1116,2,'D73',13000, false),
(1117,0,'D74',13000, false),
(1118,1,'D74',13000, false),
(1119,2,'D74',13000, false),
(1120,0,'D75',13000, false),
(1121,1,'D75',13000, false),
(1122,2,'D75',13000, false),
(1123,0,'D76',13000, false),
(1124,1,'D76',13000, false),
(1125,2,'D76',13000, false),
(1126,0,'D77',13000, false),
(1127,1,'D77',13000, false),
(1128,2,'D77',13000, false),
(1129,0,'D78',13000, false),
(1130,1,'D78',13000, false),
(1131,2,'D78',13000, false),
(1132,0,'D79',13000, false),
(1133,1,'D79',13000, false),
(1134,2,'D79',13000, false),
(1135,0,'D80',13000, false),
(1136,1,'D80',13000, false),
(1137,2,'D80',13000, false),
(1138,0,'D81',13000, false),
(1139,1,'D81',13000, false),
(1140,2,'D81',13000, false),
(1141,0,'D82',13000, false),
(1142,1,'D82',13000, false),
(1143,2,'D82',13000, false),
(1144,0,'D83',13000, false),
(1145,1,'D83',13000, false),
(1146,2,'D83',13000, false),
(1147,0,'D84',13000, false),
(1148,1,'D84',13000, false),
(1149,2,'D84',13000, false),
(1150,0,'D85',13000, false),
(1151,1,'D85',13000, false),
(1152,2,'D85',13000, false),
(1153,0,'D86',13000, false),
(1154,1,'D86',13000, false),
(1155,2,'D86',13000, false),
(1156,0,'D87',13000, false),
(1157,1,'D87',13000, false),
(1158,2,'D87',13000, false),
(1159,0,'D88',13000, false),
(1160,1,'D88',13000, false),
(1161,2,'D88',13000, false),
(1162,0,'D89',13000, false),
(1163,1,'D89',13000, false),
(1164,2,'D89',13000, false),
(1165,0,'D90',13000, false),
(1166,1,'D90',13000, false),
(1167,2,'D90',13000, false),
(1168,0,'D91',13000, false),
(1169,1,'D91',13000, false),
(1170,2,'D91',13000, false),
(1171,0,'D92',13000, false),
(1172,1,'D92',13000, false),
(1173,2,'D92',13000, false),
(1174,0,'D93',13000, false),
(1175,1,'D93',13000, false),
(1176,2,'D93',13000, false),
(1177,0,'D94',13000, false),
(1178,1,'D94',13000, false),
(1179,2,'D94',13000, false),
(1180,0,'D95',13000, false),
(1181,1,'D95',13000, false),
(1182,2,'D95',13000, false),
(1183,0,'D96',13000, false),
(1184,1,'D96',13000, false),
(1185,2,'D96',13000, false),
(1186,0,'D97',13000, false),
(1187,1,'D97',13000, false),
(1188,2,'D97',13000, false),
(1189,0,'D98',13000, false),
(1190,1,'D98',13000, false),
(1191,2,'D98',13000, false),
(1192,0,'D99',13000, false),
(1193,1,'D99',13000, false),
(1194,2,'D99',13000, false),
(1195,0,'D100',13000, false),
(1196,1,'D100',13000, false),
(1197,2,'D100',13000, false),
(1198,0,'E1',14000, false),
(1199,1,'E1',14000, false),
(1200,2,'E1',14000, false),
(1201,0,'E2',14000, false),
(1202,1,'E2',14000, false),
(1203,2,'E2',14000, false),
(1204,0,'E3',14000, false),
(1205,1,'E3',14000, false),
(1206,2,'E3',14000, false),
(1207,0,'E4',14000, false),
(1208,1,'E4',14000, false),
(1209,2,'E4',14000, false),
(1210,0,'E5',14000, false),
(1211,1,'E5',14000, false),
(1212,2,'E5',14000, false),
(1213,0,'E6',14000, false),
(1214,1,'E6',14000, false),
(1215,2,'E6',14000, false),
(1216,0,'E7',14000, false),
(1217,1,'E7',14000, false),
(1218,2,'E7',14000, false),
(1219,0,'E8',14000, false),
(1220,1,'E8',14000, false),
(1221,2,'E8',14000, false),
(1222,0,'E9',14000, false),
(1223,1,'E9',14000, false),
(1224,2,'E9',14000, false),
(1225,0,'E10',14000, false),
(1226,1,'E10',14000, false),
(1227,2,'E10',14000, false),
(1228,0,'E11',14000, false),
(1229,1,'E11',14000, false),
(1230,2,'E11',14000, false),
(1231,0,'E12',14000, false),
(1232,1,'E12',14000, false),
(1233,2,'E12',14000, false),
(1234,0,'E13',14000, false),
(1235,1,'E13',14000, false),
(1236,2,'E13',14000, false),
(1237,0,'E14',14000, false),
(1238,1,'E14',14000, false),
(1239,2,'E14',14000, false),
(1240,0,'E15',14000, false),
(1241,1,'E15',14000, false),
(1242,2,'E15',14000, false),
(1243,0,'E16',14000, false),
(1244,1,'E16',14000, false),
(1245,2,'E16',14000, false),
(1246,0,'E17',14000, false),
(1247,1,'E17',14000, false),
(1248,2,'E17',14000, false),
(1249,0,'E18',14000, false),
(1250,1,'E18',14000, false),
(1251,2,'E18',14000, false),
(1252,0,'E19',14000, false),
(1253,1,'E19',14000, false),
(1254,2,'E19',14000, false),
(1255,0,'E20',14000, false),
(1256,1,'E20',14000, false),
(1257,2,'E20',14000, false),
(1258,0,'E21',14000, false),
(1259,1,'E21',14000, false),
(1260,2,'E21',14000, false),
(1261,0,'E22',14000, false),
(1262,1,'E22',14000, false),
(1263,2,'E22',14000, false),
(1264,0,'E23',14000, false),
(1265,1,'E23',14000, false),
(1266,2,'E23',14000, false),
(1267,0,'E24',14000, false),
(1268,1,'E24',14000, false),
(1269,2,'E24',14000, false),
(1270,0,'E25',14000, false),
(1271,1,'E25',14000, false),
(1272,2,'E25',14000, false),
(1273,0,'E26',14000, false),
(1274,1,'E26',14000, false),
(1275,2,'E26',14000, false),
(1276,0,'E27',14000, false),
(1277,1,'E27',14000, false),
(1278,2,'E27',14000, false),
(1279,0,'E28',14000, false),
(1280,1,'E28',14000, false),
(1281,2,'E28',14000, false),
(1282,0,'E29',14000, false),
(1283,1,'E29',14000, false),
(1284,2,'E29',14000, false),
(1285,0,'E30',14000, false),
(1286,1,'E30',14000, false),
(1287,2,'E30',14000, false),
(1288,0,'E31',14000, false),
(1289,1,'E31',14000, false),
(1290,2,'E31',14000, false),
(1291,0,'E32',14000, false),
(1292,1,'E32',14000, false),
(1293,2,'E32',14000, false),
(1294,0,'E33',14000, false),
(1295,1,'E33',14000, false),
(1296,2,'E33',14000, false),
(1297,0,'E34',14000, false),
(1298,1,'E34',14000, false),
(1299,2,'E34',14000, false),
(1300,0,'E35',14000, false),
(1301,1,'E35',14000, false),
(1302,2,'E35',14000, false),
(1303,0,'E36',14000, false),
(1304,1,'E36',14000, false),
(1305,2,'E36',14000, false),
(1306,0,'E37',14000, false),
(1307,1,'E37',14000, false),
(1308,2,'E37',14000, false),
(1309,0,'E38',14000, false),
(1310,1,'E38',14000, false),
(1311,2,'E38',14000, false),
(1312,0,'E39',14000, false),
(1313,1,'E39',14000, false),
(1314,2,'E39',14000, false),
(1315,0,'E40',14000, false),
(1316,1,'E40',14000, false),
(1317,2,'E40',14000, false),
(1318,0,'E41',14000, false),
(1319,1,'E41',14000, false),
(1320,2,'E41',14000, false),
(1321,0,'E42',14000, false),
(1322,1,'E42',14000, false),
(1323,2,'E42',14000, false),
(1324,0,'E43',14000, false),
(1325,1,'E43',14000, false),
(1326,2,'E43',14000, false),
(1327,0,'E44',14000, false),
(1328,1,'E44',14000, false),
(1329,2,'E44',14000, false),
(1330,0,'E45',14000, false),
(1331,1,'E45',14000, false),
(1332,2,'E45',14000, false),
(1333,0,'E46',14000, false),
(1334,1,'E46',14000, false),
(1335,2,'E46',14000, false),
(1336,0,'E47',14000, false),
(1337,1,'E47',14000, false),
(1338,2,'E47',14000, false),
(1339,0,'E48',14000, false),
(1340,1,'E48',14000, false),
(1341,2,'E48',14000, false),
(1342,0,'E49',14000, false),
(1343,1,'E49',14000, false),
(1344,2,'E49',14000, false),
(1345,0,'E50',14000, false),
(1346,1,'E50',14000, false),
(1347,2,'E50',14000, false),
(1348,0,'E51',14000, false),
(1349,1,'E51',14000, false),
(1350,2,'E51',14000, false),
(1351,0,'E52',14000, false),
(1352,1,'E52',14000, false),
(1353,2,'E52',14000, false),
(1354,0,'E53',14000, false),
(1355,1,'E53',14000, false),
(1356,2,'E53',14000, false),
(1357,0,'E54',14000, false),
(1358,1,'E54',14000, false),
(1359,2,'E54',14000, false),
(1360,0,'E55',14000, false),
(1361,1,'E55',14000, false),
(1362,2,'E55',14000, false),
(1363,0,'E56',14000, false),
(1364,1,'E56',14000, false),
(1365,2,'E56',14000, false),
(1366,0,'E57',14000, false),
(1367,1,'E57',14000, false),
(1368,2,'E57',14000, false),
(1369,0,'E58',14000, false),
(1370,1,'E58',14000, false),
(1371,2,'E58',14000, false),
(1372,0,'E59',14000, false),
(1373,1,'E59',14000, false),
(1374,2,'E59',14000, false),
(1375,0,'E60',14000, false),
(1376,1,'E60',14000, false),
(1377,2,'E60',14000, false),
(1378,0,'E61',14000, false),
(1379,1,'E61',14000, false),
(1380,2,'E61',14000, false),
(1381,0,'E62',14000, false),
(1382,1,'E62',14000, false),
(1383,2,'E62',14000, false),
(1384,0,'E63',14000, false),
(1385,1,'E63',14000, false),
(1386,2,'E63',14000, false),
(1387,0,'E64',14000, false),
(1388,1,'E64',14000, false),
(1389,2,'E64',14000, false),
(1390,0,'E65',14000, false),
(1391,1,'E65',14000, false),
(1392,2,'E65',14000, false),
(1393,0,'E66',14000, false),
(1394,1,'E66',14000, false),
(1395,2,'E66',14000, false),
(1396,0,'E67',14000, false),
(1397,1,'E67',14000, false),
(1398,2,'E67',14000, false),
(1399,0,'E68',14000, false),
(1400,1,'E68',14000, false),
(1401,2,'E68',14000, false),
(1402,0,'E69',14000, false),
(1403,1,'E69',14000, false),
(1404,2,'E69',14000, false),
(1405,0,'E70',14000, false),
(1406,1,'E70',14000, false),
(1407,2,'E70',14000, false),
(1408,0,'E71',14000, false),
(1409,1,'E71',14000, false),
(1410,2,'E71',14000, false),
(1411,0,'E72',14000, false),
(1412,1,'E72',14000, false),
(1413,2,'E72',14000, false),
(1414,0,'E73',14000, false),
(1415,1,'E73',14000, false),
(1416,2,'E73',14000, false),
(1417,0,'E74',14000, false),
(1418,1,'E74',14000, false),
(1419,2,'E74',14000, false),
(1420,0,'E75',14000, false),
(1421,1,'E75',14000, false),
(1422,2,'E75',14000, false),
(1423,0,'E76',14000, false),
(1424,1,'E76',14000, false),
(1425,2,'E76',14000, false),
(1426,0,'E77',14000, false),
(1427,1,'E77',14000, false),
(1428,2,'E77',14000, false),
(1429,0,'E78',14000, false),
(1430,1,'E78',14000, false),
(1431,2,'E78',14000, false),
(1432,0,'E79',14000, false),
(1433,1,'E79',14000, false),
(1434,2,'E79',14000, false),
(1435,0,'E80',14000, false),
(1436,1,'E80',14000, false),
(1437,2,'E80',14000, false),
(1438,0,'E81',14000, false),
(1439,1,'E81',14000, false),
(1440,2,'E81',14000, false),
(1441,0,'E82',14000, false),
(1442,1,'E82',14000, false),
(1443,2,'E82',14000, false),
(1444,0,'E83',14000, false),
(1445,1,'E83',14000, false),
(1446,2,'E83',14000, false),
(1447,0,'E84',14000, false),
(1448,1,'E84',14000, false),
(1449,2,'E84',14000, false),
(1450,0,'E85',14000, false),
(1451,1,'E85',14000, false),
(1452,2,'E85',14000, false),
(1453,0,'E86',14000, false),
(1454,1,'E86',14000, false),
(1455,2,'E86',14000, false),
(1456,0,'E87',14000, false),
(1457,1,'E87',14000, false),
(1458,2,'E87',14000, false),
(1459,0,'E88',14000, false),
(1460,1,'E88',14000, false),
(1461,2,'E88',14000, false),
(1462,0,'E89',14000, false),
(1463,1,'E89',14000, false),
(1464,2,'E89',14000, false),
(1465,0,'E90',14000, false),
(1466,1,'E90',14000, false),
(1467,2,'E90',14000, false),
(1468,0,'E91',14000, false),
(1469,1,'E91',14000, false),
(1470,2,'E91',14000, false),
(1471,0,'E92',14000, false),
(1472,1,'E92',14000, false),
(1473,2,'E92',14000, false),
(1474,0,'E93',14000, false),
(1475,1,'E93',14000, false),
(1476,2,'E93',14000, false),
(1477,0,'E94',14000, false),
(1478,1,'E94',14000, false),
(1479,2,'E94',14000, false),
(1480,0,'E95',14000, false),
(1481,1,'E95',14000, false),
(1482,2,'E95',14000, false),
(1483,0,'E96',14000, false),
(1484,1,'E96',14000, false),
(1485,2,'E96',14000, false),
(1486,0,'E97',14000, false),
(1487,1,'E97',14000, false),
(1488,2,'E97',14000, false),
(1489,0,'E98',14000, false),
(1490,1,'E98',14000, false),
(1491,2,'E98',14000, false),
(1492,0,'E99',14000, false),
(1493,1,'E99',14000, false),
(1494,2,'E99',14000, false),
(1495,0,'E100',14000, false),
(1496,1,'E100',14000, false),
(1497,2,'E100',14000, false),
(1498,0,'F1',15000, false),
(1499,1,'F1',15000, false),
(1500,2,'F1',15000, false),
(1501,0,'F2',15000, false),
(1502,1,'F2',15000, false),
(1503,2,'F2',15000, false),
(1504,0,'F3',15000, false),
(1505,1,'F3',15000, false),
(1506,2,'F3',15000, false),
(1507,0,'F4',15000, false),
(1508,1,'F4',15000, false),
(1509,2,'F4',15000, false),
(1510,0,'F5',15000, false),
(1511,1,'F5',15000, false),
(1512,2,'F5',15000, false),
(1513,0,'F6',15000, false),
(1514,1,'F6',15000, false),
(1515,2,'F6',15000, false),
(1516,0,'F7',15000, false),
(1517,1,'F7',15000, false),
(1518,2,'F7',15000, false),
(1519,0,'F8',15000, false),
(1520,1,'F8',15000, false),
(1521,2,'F8',15000, false),
(1522,0,'F9',15000, false),
(1523,1,'F9',15000, false),
(1524,2,'F9',15000, false),
(1525,0,'F10',15000, false),
(1526,1,'F10',15000, false),
(1527,2,'F10',15000, false),
(1528,0,'F11',15000, false),
(1529,1,'F11',15000, false),
(1530,2,'F11',15000, false),
(1531,0,'F12',15000, false),
(1532,1,'F12',15000, false),
(1533,2,'F12',15000, false),
(1534,0,'F13',15000, false),
(1535,1,'F13',15000, false),
(1536,2,'F13',15000, false),
(1537,0,'F14',15000, false),
(1538,1,'F14',15000, false),
(1539,2,'F14',15000, false),
(1540,0,'F15',15000, false),
(1541,1,'F15',15000, false),
(1542,2,'F15',15000, false),
(1543,0,'F16',15000, false),
(1544,1,'F16',15000, false),
(1545,2,'F16',15000, false),
(1546,0,'F17',15000, false),
(1547,1,'F17',15000, false),
(1548,2,'F17',15000, false),
(1549,0,'F18',15000, false),
(1550,1,'F18',15000, false),
(1551,2,'F18',15000, false),
(1552,0,'F19',15000, false),
(1553,1,'F19',15000, false),
(1554,2,'F19',15000, false),
(1555,0,'F20',15000, false),
(1556,1,'F20',15000, false),
(1557,2,'F20',15000, false),
(1558,0,'F21',15000, false),
(1559,1,'F21',15000, false),
(1560,2,'F21',15000, false),
(1561,0,'F22',15000, false),
(1562,1,'F22',15000, false),
(1563,2,'F22',15000, false),
(1564,0,'F23',15000, false),
(1565,1,'F23',15000, false),
(1566,2,'F23',15000, false),
(1567,0,'F24',15000, false),
(1568,1,'F24',15000, false),
(1569,2,'F24',15000, false),
(1570,0,'F25',15000, false),
(1571,1,'F25',15000, false),
(1572,2,'F25',15000, false),
(1573,0,'F26',15000, false),
(1574,1,'F26',15000, false),
(1575,2,'F26',15000, false),
(1576,0,'F27',15000, false),
(1577,1,'F27',15000, false),
(1578,2,'F27',15000, false),
(1579,0,'F28',15000, false),
(1580,1,'F28',15000, false),
(1581,2,'F28',15000, false),
(1582,0,'F29',15000, false),
(1583,1,'F29',15000, false),
(1584,2,'F29',15000, false),
(1585,0,'F30',15000, false),
(1586,1,'F30',15000, false),
(1587,2,'F30',15000, false),
(1588,0,'F31',15000, false),
(1589,1,'F31',15000, false),
(1590,2,'F31',15000, false),
(1591,0,'F32',15000, false),
(1592,1,'F32',15000, false),
(1593,2,'F32',15000, false),
(1594,0,'F33',15000, false),
(1595,1,'F33',15000, false),
(1596,2,'F33',15000, false),
(1597,0,'F34',15000, false),
(1598,1,'F34',15000, false),
(1599,2,'F34',15000, false),
(1600,0,'F35',15000, false),
(1601,1,'F35',15000, false),
(1602,2,'F35',15000, false),
(1603,0,'F36',15000, false),
(1604,1,'F36',15000, false),
(1605,2,'F36',15000, false),
(1606,0,'F37',15000, false),
(1607,1,'F37',15000, false),
(1608,2,'F37',15000, false),
(1609,0,'F38',15000, false),
(1610,1,'F38',15000, false),
(1611,2,'F38',15000, false),
(1612,0,'F39',15000, false),
(1613,1,'F39',15000, false),
(1614,2,'F39',15000, false),
(1615,0,'F40',15000, false),
(1616,1,'F40',15000, false),
(1617,2,'F40',15000, false),
(1618,0,'F41',15000, false),
(1619,1,'F41',15000, false),
(1620,2,'F41',15000, false),
(1621,0,'F42',15000, false),
(1622,1,'F42',15000, false),
(1623,2,'F42',15000, false),
(1624,0,'F43',15000, false),
(1625,1,'F43',15000, false),
(1626,2,'F43',15000, false),
(1627,0,'F44',15000, false),
(1628,1,'F44',15000, false),
(1629,2,'F44',15000, false),
(1630,0,'F45',15000, false),
(1631,1,'F45',15000, false),
(1632,2,'F45',15000, false),
(1633,0,'F46',15000, false),
(1634,1,'F46',15000, false),
(1635,2,'F46',15000, false),
(1636,0,'F47',15000, false),
(1637,1,'F47',15000, false),
(1638,2,'F47',15000, false),
(1639,0,'F48',15000, false),
(1640,1,'F48',15000, false),
(1641,2,'F48',15000, false),
(1642,0,'F49',15000, false),
(1643,1,'F49',15000, false),
(1644,2,'F49',15000, false),
(1645,0,'F50',15000, false),
(1646,1,'F50',15000, false),
(1647,2,'F50',15000, false),
(1648,0,'F51',15000, false),
(1649,1,'F51',15000, false),
(1650,2,'F51',15000, false),
(1651,0,'F52',15000, false),
(1652,1,'F52',15000, false),
(1653,2,'F52',15000, false),
(1654,0,'F53',15000, false),
(1655,1,'F53',15000, false),
(1656,2,'F53',15000, false),
(1657,0,'F54',15000, false),
(1658,1,'F54',15000, false),
(1659,2,'F54',15000, false),
(1660,0,'F55',15000, false),
(1661,1,'F55',15000, false),
(1662,2,'F55',15000, false),
(1663,0,'F56',15000, false),
(1664,1,'F56',15000, false),
(1665,2,'F56',15000, false),
(1666,0,'F57',15000, false),
(1667,1,'F57',15000, false),
(1668,2,'F57',15000, false),
(1669,0,'F58',15000, false),
(1670,1,'F58',15000, false),
(1671,2,'F58',15000, false),
(1672,0,'F59',15000, false),
(1673,1,'F59',15000, false),
(1674,2,'F59',15000, false),
(1675,0,'F60',15000, false),
(1676,1,'F60',15000, false),
(1677,2,'F60',15000, false),
(1678,0,'F61',15000, false),
(1679,1,'F61',15000, false),
(1680,2,'F61',15000, false),
(1681,0,'F62',15000, false),
(1682,1,'F62',15000, false),
(1683,2,'F62',15000, false),
(1684,0,'F63',15000, false),
(1685,1,'F63',15000, false),
(1686,2,'F63',15000, false),
(1687,0,'F64',15000, false),
(1688,1,'F64',15000, false),
(1689,2,'F64',15000, false),
(1690,0,'F65',15000, false),
(1691,1,'F65',15000, false),
(1692,2,'F65',15000, false),
(1693,0,'F66',15000, false),
(1694,1,'F66',15000, false),
(1695,2,'F66',15000, false),
(1696,0,'F67',15000, false),
(1697,1,'F67',15000, false),
(1698,2,'F67',15000, false),
(1699,0,'F68',15000, false),
(1700,1,'F68',15000, false),
(1701,2,'F68',15000, false),
(1702,0,'F69',15000, false),
(1703,1,'F69',15000, false),
(1704,2,'F69',15000, false),
(1705,0,'F70',15000, false),
(1706,1,'F70',15000, false),
(1707,2,'F70',15000, false),
(1708,0,'F71',15000, false),
(1709,1,'F71',15000, false),
(1710,2,'F71',15000, false),
(1711,0,'F72',15000, false),
(1712,1,'F72',15000, false),
(1713,2,'F72',15000, false),
(1714,0,'F73',15000, false),
(1715,1,'F73',15000, false),
(1716,2,'F73',15000, false),
(1717,0,'F74',15000, false),
(1718,1,'F74',15000, false),
(1719,2,'F74',15000, false),
(1720,0,'F75',15000, false),
(1721,1,'F75',15000, false),
(1722,2,'F75',15000, false),
(1723,0,'F76',15000, false),
(1724,1,'F76',15000, false),
(1725,2,'F76',15000, false),
(1726,0,'F77',15000, false),
(1727,1,'F77',15000, false),
(1728,2,'F77',15000, false),
(1729,0,'F78',15000, false),
(1730,1,'F78',15000, false),
(1731,2,'F78',15000, false),
(1732,0,'F79',15000, false),
(1733,1,'F79',15000, false),
(1734,2,'F79',15000, false),
(1735,0,'F80',15000, false),
(1736,1,'F80',15000, false),
(1737,2,'F80',15000, false),
(1738,0,'F81',15000, false),
(1739,1,'F81',15000, false),
(1740,2,'F81',15000, false),
(1741,0,'F82',15000, false),
(1742,1,'F82',15000, false),
(1743,2,'F82',15000, false),
(1744,0,'F83',15000, false),
(1745,1,'F83',15000, false),
(1746,2,'F83',15000, false),
(1747,0,'F84',15000, false),
(1748,1,'F84',15000, false),
(1749,2,'F84',15000, false),
(1750,0,'F85',15000, false),
(1751,1,'F85',15000, false),
(1752,2,'F85',15000, false),
(1753,0,'F86',15000, false),
(1754,1,'F86',15000, false),
(1755,2,'F86',15000, false),
(1756,0,'F87',15000, false),
(1757,1,'F87',15000, false),
(1758,2,'F87',15000, false),
(1759,0,'F88',15000, false),
(1760,1,'F88',15000, false),
(1761,2,'F88',15000, false),
(1762,0,'F89',15000, false),
(1763,1,'F89',15000, false),
(1764,2,'F89',15000, false),
(1765,0,'F90',15000, false),
(1766,1,'F90',15000, false),
(1767,2,'F90',15000, false),
(1768,0,'F91',15000, false),
(1769,1,'F91',15000, false),
(1770,2,'F91',15000, false),
(1771,0,'F92',15000, false),
(1772,1,'F92',15000, false),
(1773,2,'F92',15000, false),
(1774,0,'F93',15000, false),
(1775,1,'F93',15000, false),
(1776,2,'F93',15000, false),
(1777,0,'F94',15000, false),
(1778,1,'F94',15000, false),
(1779,2,'F94',15000, false),
(1780,0,'F95',15000, false),
(1781,1,'F95',15000, false),
(1782,2,'F95',15000, false),
(1783,0,'F96',15000, false),
(1784,1,'F96',15000, false),
(1785,2,'F96',15000, false),
(1786,0,'F97',15000, false),
(1787,1,'F97',15000, false),
(1788,2,'F97',15000, false),
(1789,0,'F98',15000, false),
(1790,1,'F98',15000, false),
(1791,2,'F98',15000, false),
(1792,0,'F99',15000, false),
(1793,1,'F99',15000, false),
(1794,2,'F99',15000, false),
(1795,0,'F100',15000, false),
(1796,1,'F100',15000, false),
(1797,2,'F100',15000, false),
(1798,0,'G1',16000, false),
(1799,1,'G1',16000, false),
(1800,2,'G1',16000, false),
(1801,0,'G2',16000, false),
(1802,1,'G2',16000, false),
(1803,2,'G2',16000, false),
(1804,0,'G3',16000, false),
(1805,1,'G3',16000, false),
(1806,2,'G3',16000, false),
(1807,0,'G4',16000, false),
(1808,1,'G4',16000, false),
(1809,2,'G4',16000, false),
(1810,0,'G5',16000, false),
(1811,1,'G5',16000, false),
(1812,2,'G5',16000, false),
(1813,0,'G6',16000, false),
(1814,1,'G6',16000, false),
(1815,2,'G6',16000, false),
(1816,0,'G7',16000, false),
(1817,1,'G7',16000, false),
(1818,2,'G7',16000, false),
(1819,0,'G8',16000, false),
(1820,1,'G8',16000, false),
(1821,2,'G8',16000, false),
(1822,0,'G9',16000, false),
(1823,1,'G9',16000, false),
(1824,2,'G9',16000, false),
(1825,0,'G10',16000, false),
(1826,1,'G10',16000, false),
(1827,2,'G10',16000, false),
(1828,0,'G11',16000, false),
(1829,1,'G11',16000, false),
(1830,2,'G11',16000, false),
(1831,0,'G12',16000, false),
(1832,1,'G12',16000, false),
(1833,2,'G12',16000, false),
(1834,0,'G13',16000, false),
(1835,1,'G13',16000, false),
(1836,2,'G13',16000, false),
(1837,0,'G14',16000, false),
(1838,1,'G14',16000, false),
(1839,2,'G14',16000, false),
(1840,0,'G15',16000, false),
(1841,1,'G15',16000, false),
(1842,2,'G15',16000, false),
(1843,0,'G16',16000, false),
(1844,1,'G16',16000, false),
(1845,2,'G16',16000, false),
(1846,0,'G17',16000, false),
(1847,1,'G17',16000, false),
(1848,2,'G17',16000, false),
(1849,0,'G18',16000, false),
(1850,1,'G18',16000, false),
(1851,2,'G18',16000, false),
(1852,0,'G19',16000, false),
(1853,1,'G19',16000, false),
(1854,2,'G19',16000, false),
(1855,0,'G20',16000, false),
(1856,1,'G20',16000, false),
(1857,2,'G20',16000, false),
(1858,0,'G21',16000, false),
(1859,1,'G21',16000, false),
(1860,2,'G21',16000, false),
(1861,0,'G22',16000, false),
(1862,1,'G22',16000, false),
(1863,2,'G22',16000, false),
(1864,0,'G23',16000, false),
(1865,1,'G23',16000, false),
(1866,2,'G23',16000, false),
(1867,0,'G24',16000, false),
(1868,1,'G24',16000, false),
(1869,2,'G24',16000, false),
(1870,0,'G25',16000, false),
(1871,1,'G25',16000, false),
(1872,2,'G25',16000, false),
(1873,0,'G26',16000, false),
(1874,1,'G26',16000, false),
(1875,2,'G26',16000, false),
(1876,0,'G27',16000, false),
(1877,1,'G27',16000, false),
(1878,2,'G27',16000, false),
(1879,0,'G28',16000, false),
(1880,1,'G28',16000, false),
(1881,2,'G28',16000, false),
(1882,0,'G29',16000, false),
(1883,1,'G29',16000, false),
(1884,2,'G29',16000, false),
(1885,0,'G30',16000, false),
(1886,1,'G30',16000, false),
(1887,2,'G30',16000, false),
(1888,0,'G31',16000, false),
(1889,1,'G31',16000, false),
(1890,2,'G31',16000, false),
(1891,0,'G32',16000, false),
(1892,1,'G32',16000, false),
(1893,2,'G32',16000, false),
(1894,0,'G33',16000, false),
(1895,1,'G33',16000, false),
(1896,2,'G33',16000, false),
(1897,0,'G34',16000, false),
(1898,1,'G34',16000, false),
(1899,2,'G34',16000, false),
(1900,0,'G35',16000, false),
(1901,1,'G35',16000, false),
(1902,2,'G35',16000, false),
(1903,0,'G36',16000, false),
(1904,1,'G36',16000, false),
(1905,2,'G36',16000, false),
(1906,0,'G37',16000, false),
(1907,1,'G37',16000, false),
(1908,2,'G37',16000, false),
(1909,0,'G38',16000, false),
(1910,1,'G38',16000, false),
(1911,2,'G38',16000, false),
(1912,0,'G39',16000, false),
(1913,1,'G39',16000, false),
(1914,2,'G39',16000, false),
(1915,0,'G40',16000, false),
(1916,1,'G40',16000, false),
(1917,2,'G40',16000, false),
(1918,0,'G41',16000, false),
(1919,1,'G41',16000, false),
(1920,2,'G41',16000, false),
(1921,0,'G42',16000, false),
(1922,1,'G42',16000, false),
(1923,2,'G42',16000, false),
(1924,0,'G43',16000, false),
(1925,1,'G43',16000, false),
(1926,2,'G43',16000, false),
(1927,0,'G44',16000, false),
(1928,1,'G44',16000, false),
(1929,2,'G44',16000, false),
(1930,0,'G45',16000, false),
(1931,1,'G45',16000, false),
(1932,2,'G45',16000, false),
(1933,0,'G46',16000, false),
(1934,1,'G46',16000, false),
(1935,2,'G46',16000, false),
(1936,0,'G47',16000, false),
(1937,1,'G47',16000, false),
(1938,2,'G47',16000, false),
(1939,0,'G48',16000, false),
(1940,1,'G48',16000, false),
(1941,2,'G48',16000, false),
(1942,0,'G49',16000, false),
(1943,1,'G49',16000, false),
(1944,2,'G49',16000, false),
(1945,0,'G50',16000, false),
(1946,1,'G50',16000, false),
(1947,2,'G50',16000, false),
(1948,0,'G51',16000, false),
(1949,1,'G51',16000, false),
(1950,2,'G51',16000, false),
(1951,0,'G52',16000, false),
(1952,1,'G52',16000, false),
(1953,2,'G52',16000, false),
(1954,0,'G53',16000, false),
(1955,1,'G53',16000, false),
(1956,2,'G53',16000, false),
(1957,0,'G54',16000, false),
(1958,1,'G54',16000, false),
(1959,2,'G54',16000, false),
(1960,0,'G55',16000, false),
(1961,1,'G55',16000, false),
(1962,2,'G55',16000, false),
(1963,0,'G56',16000, false),
(1964,1,'G56',16000, false),
(1965,2,'G56',16000, false),
(1966,0,'G57',16000, false),
(1967,1,'G57',16000, false),
(1968,2,'G57',16000, false),
(1969,0,'G58',16000, false),
(1970,1,'G58',16000, false),
(1971,2,'G58',16000, false),
(1972,0,'G59',16000, false),
(1973,1,'G59',16000, false),
(1974,2,'G59',16000, false),
(1975,0,'G60',16000, false),
(1976,1,'G60',16000, false),
(1977,2,'G60',16000, false),
(1978,0,'G61',16000, false),
(1979,1,'G61',16000, false),
(1980,2,'G61',16000, false),
(1981,0,'G62',16000, false),
(1982,1,'G62',16000, false),
(1983,2,'G62',16000, false),
(1984,0,'G63',16000, false),
(1985,1,'G63',16000, false),
(1986,2,'G63',16000, false),
(1987,0,'G64',16000, false),
(1988,1,'G64',16000, false),
(1989,2,'G64',16000, false),
(1990,0,'G65',16000, false),
(1991,1,'G65',16000, false),
(1992,2,'G65',16000, false),
(1993,0,'G66',16000, false),
(1994,1,'G66',16000, false),
(1995,2,'G66',16000, false),
(1996,0,'G67',16000, false),
(1997,1,'G67',16000, false),
(1998,2,'G67',16000, false),
(1999,0,'G68',16000, false),
(2000,1,'G68',16000, false),
(2001,2,'G68',16000, false),
(2002,0,'G69',16000, false),
(2003,1,'G69',16000, false),
(2004,2,'G69',16000, false),
(2005,0,'G70',16000, false),
(2006,1,'G70',16000, false),
(2007,2,'G70',16000, false),
(2008,0,'G71',16000, false),
(2009,1,'G71',16000, false),
(2010,2,'G71',16000, false),
(2011,0,'G72',16000, false),
(2012,1,'G72',16000, false),
(2013,2,'G72',16000, false),
(2014,0,'G73',16000, false),
(2015,1,'G73',16000, false),
(2016,2,'G73',16000, false),
(2017,0,'G74',16000, false),
(2018,1,'G74',16000, false),
(2019,2,'G74',16000, false),
(2020,0,'G75',16000, false),
(2021,1,'G75',16000, false),
(2022,2,'G75',16000, false),
(2023,0,'G76',16000, false),
(2024,1,'G76',16000, false),
(2025,2,'G76',16000, false),
(2026,0,'G77',16000, false),
(2027,1,'G77',16000, false),
(2028,2,'G77',16000, false),
(2029,0,'G78',16000, false),
(2030,1,'G78',16000, false),
(2031,2,'G78',16000, false),
(2032,0,'G79',16000, false),
(2033,1,'G79',16000, false),
(2034,2,'G79',16000, false),
(2035,0,'G80',16000, false),
(2036,1,'G80',16000, false),
(2037,2,'G80',16000, false),
(2038,0,'G81',16000, false),
(2039,1,'G81',16000, false),
(2040,2,'G81',16000, false),
(2041,0,'G82',16000, false),
(2042,1,'G82',16000, false),
(2043,2,'G82',16000, false),
(2044,0,'G83',16000, false),
(2045,1,'G83',16000, false),
(2046,2,'G83',16000, false),
(2047,0,'G84',16000, false),
(2048,1,'G84',16000, false),
(2049,2,'G84',16000, false),
(2050,0,'G85',16000, false),
(2051,1,'G85',16000, false),
(2052,2,'G85',16000, false),
(2053,0,'G86',16000, false),
(2054,1,'G86',16000, false),
(2055,2,'G86',16000, false),
(2056,0,'G87',16000, false),
(2057,1,'G87',16000, false),
(2058,2,'G87',16000, false),
(2059,0,'G88',16000, false),
(2060,1,'G88',16000, false),
(2061,2,'G88',16000, false),
(2062,0,'G89',16000, false),
(2063,1,'G89',16000, false),
(2064,2,'G89',16000, false),
(2065,0,'G90',16000, false),
(2066,1,'G90',16000, false),
(2067,2,'G90',16000, false),
(2068,0,'G91',16000, false),
(2069,1,'G91',16000, false),
(2070,2,'G91',16000, false),
(2071,0,'G92',16000, false),
(2072,1,'G92',16000, false),
(2073,2,'G92',16000, false),
(2074,0,'G93',16000, false),
(2075,1,'G93',16000, false),
(2076,2,'G93',16000, false),
(2077,0,'G94',16000, false),
(2078,1,'G94',16000, false),
(2079,2,'G94',16000, false),
(2080,0,'G95',16000, false),
(2081,1,'G95',16000, false),
(2082,2,'G95',16000, false),
(2083,0,'G96',16000, false),
(2084,1,'G96',16000, false),
(2085,2,'G96',16000, false),
(2086,0,'G97',16000, false),
(2087,1,'G97',16000, false),
(2088,2,'G97',16000, false),
(2089,0,'G98',16000, false),
(2090,1,'G98',16000, false),
(2091,2,'G98',16000, false),
(2092,0,'G99',16000, false),
(2093,1,'G99',16000, false),
(2094,2,'G99',16000, false),
(2095,0,'G100',16000, false),
(2096,1,'G100',16000, false),
(2097,2,'G100',16000, false),
(2098,0,'H1',17000, false),
(2099,1,'H1',17000, false),
(2100,2,'H1',17000, false),
(2101,0,'H2',17000, false),
(2102,1,'H2',17000, false),
(2103,2,'H2',17000, false),
(2104,0,'H3',17000, false),
(2105,1,'H3',17000, false),
(2106,2,'H3',17000, false),
(2107,0,'H4',17000, false),
(2108,1,'H4',17000, false),
(2109,2,'H4',17000, false),
(2110,0,'H5',17000, false),
(2111,1,'H5',17000, false),
(2112,2,'H5',17000, false),
(2113,0,'H6',17000, false),
(2114,1,'H6',17000, false),
(2115,2,'H6',17000, false),
(2116,0,'H7',17000, false),
(2117,1,'H7',17000, false),
(2118,2,'H7',17000, false),
(2119,0,'H8',17000, false),
(2120,1,'H8',17000, false),
(2121,2,'H8',17000, false),
(2122,0,'H9',17000, false),
(2123,1,'H9',17000, false),
(2124,2,'H9',17000, false),
(2125,0,'H10',17000, false),
(2126,1,'H10',17000, false),
(2127,2,'H10',17000, false),
(2128,0,'H11',17000, false),
(2129,1,'H11',17000, false),
(2130,2,'H11',17000, false),
(2131,0,'H12',17000, false),
(2132,1,'H12',17000, false),
(2133,2,'H12',17000, false),
(2134,0,'H13',17000, false),
(2135,1,'H13',17000, false),
(2136,2,'H13',17000, false),
(2137,0,'H14',17000, false),
(2138,1,'H14',17000, false),
(2139,2,'H14',17000, false),
(2140,0,'H15',17000, false),
(2141,1,'H15',17000, false),
(2142,2,'H15',17000, false),
(2143,0,'H16',17000, false),
(2144,1,'H16',17000, false),
(2145,2,'H16',17000, false),
(2146,0,'H17',17000, false),
(2147,1,'H17',17000, false),
(2148,2,'H17',17000, false),
(2149,0,'H18',17000, false),
(2150,1,'H18',17000, false),
(2151,2,'H18',17000, false),
(2152,0,'H19',17000, false),
(2153,1,'H19',17000, false),
(2154,2,'H19',17000, false),
(2155,0,'H20',17000, false),
(2156,1,'H20',17000, false),
(2157,2,'H20',17000, false),
(2158,0,'H21',17000, false),
(2159,1,'H21',17000, false),
(2160,2,'H21',17000, false),
(2161,0,'H22',17000, false),
(2162,1,'H22',17000, false),
(2163,2,'H22',17000, false),
(2164,0,'H23',17000, false),
(2165,1,'H23',17000, false),
(2166,2,'H23',17000, false),
(2167,0,'H24',17000, false),
(2168,1,'H24',17000, false),
(2169,2,'H24',17000, false),
(2170,0,'H25',17000, false),
(2171,1,'H25',17000, false),
(2172,2,'H25',17000, false),
(2173,0,'H26',17000, false),
(2174,1,'H26',17000, false),
(2175,2,'H26',17000, false),
(2176,0,'H27',17000, false),
(2177,1,'H27',17000, false),
(2178,2,'H27',17000, false),
(2179,0,'H28',17000, false),
(2180,1,'H28',17000, false),
(2181,2,'H28',17000, false),
(2182,0,'H29',17000, false),
(2183,1,'H29',17000, false),
(2184,2,'H29',17000, false),
(2185,0,'H30',17000, false),
(2186,1,'H30',17000, false),
(2187,2,'H30',17000, false),
(2188,0,'H31',17000, false),
(2189,1,'H31',17000, false),
(2190,2,'H31',17000, false),
(2191,0,'H32',17000, false),
(2192,1,'H32',17000, false),
(2193,2,'H32',17000, false),
(2194,0,'H33',17000, false),
(2195,1,'H33',17000, false),
(2196,2,'H33',17000, false),
(2197,0,'H34',17000, false),
(2198,1,'H34',17000, false),
(2199,2,'H34',17000, false),
(2200,0,'H35',17000, false),
(2201,1,'H35',17000, false),
(2202,2,'H35',17000, false),
(2203,0,'H36',17000, false),
(2204,1,'H36',17000, false),
(2205,2,'H36',17000, false),
(2206,0,'H37',17000, false),
(2207,1,'H37',17000, false),
(2208,2,'H37',17000, false),
(2209,0,'H38',17000, false),
(2210,1,'H38',17000, false),
(2211,2,'H38',17000, false),
(2212,0,'H39',17000, false),
(2213,1,'H39',17000, false),
(2214,2,'H39',17000, false),
(2215,0,'H40',17000, false),
(2216,1,'H40',17000, false),
(2217,2,'H40',17000, false),
(2218,0,'H41',17000, false),
(2219,1,'H41',17000, false),
(2220,2,'H41',17000, false),
(2221,0,'H42',17000, false),
(2222,1,'H42',17000, false),
(2223,2,'H42',17000, false),
(2224,0,'H43',17000, false),
(2225,1,'H43',17000, false),
(2226,2,'H43',17000, false),
(2227,0,'H44',17000, false),
(2228,1,'H44',17000, false),
(2229,2,'H44',17000, false),
(2230,0,'H45',17000, false),
(2231,1,'H45',17000, false),
(2232,2,'H45',17000, false),
(2233,0,'H46',17000, false),
(2234,1,'H46',17000, false),
(2235,2,'H46',17000, false),
(2236,0,'H47',17000, false),
(2237,1,'H47',17000, false),
(2238,2,'H47',17000, false),
(2239,0,'H48',17000, false),
(2240,1,'H48',17000, false),
(2241,2,'H48',17000, false),
(2242,0,'H49',17000, false),
(2243,1,'H49',17000, false),
(2244,2,'H49',17000, false),
(2245,0,'H50',17000, false),
(2246,1,'H50',17000, false),
(2247,2,'H50',17000, false),
(2248,0,'H51',17000, false),
(2249,1,'H51',17000, false),
(2250,2,'H51',17000, false),
(2251,0,'H52',17000, false),
(2252,1,'H52',17000, false),
(2253,2,'H52',17000, false),
(2254,0,'H53',17000, false),
(2255,1,'H53',17000, false),
(2256,2,'H53',17000, false),
(2257,0,'H54',17000, false),
(2258,1,'H54',17000, false),
(2259,2,'H54',17000, false),
(2260,0,'H55',17000, false),
(2261,1,'H55',17000, false),
(2262,2,'H55',17000, false),
(2263,0,'H56',17000, false),
(2264,1,'H56',17000, false),
(2265,2,'H56',17000, false),
(2266,0,'H57',17000, false),
(2267,1,'H57',17000, false),
(2268,2,'H57',17000, false),
(2269,0,'H58',17000, false),
(2270,1,'H58',17000, false),
(2271,2,'H58',17000, false),
(2272,0,'H59',17000, false),
(2273,1,'H59',17000, false),
(2274,2,'H59',17000, false),
(2275,0,'H60',17000, false),
(2276,1,'H60',17000, false),
(2277,2,'H60',17000, false),
(2278,0,'H61',17000, false),
(2279,1,'H61',17000, false),
(2280,2,'H61',17000, false),
(2281,0,'H62',17000, false),
(2282,1,'H62',17000, false),
(2283,2,'H62',17000, false),
(2284,0,'H63',17000, false),
(2285,1,'H63',17000, false),
(2286,2,'H63',17000, false),
(2287,0,'H64',17000, false),
(2288,1,'H64',17000, false),
(2289,2,'H64',17000, false),
(2290,0,'H65',17000, false),
(2291,1,'H65',17000, false),
(2292,2,'H65',17000, false),
(2293,0,'H66',17000, false),
(2294,1,'H66',17000, false),
(2295,2,'H66',17000, false),
(2296,0,'H67',17000, false),
(2297,1,'H67',17000, false),
(2298,2,'H67',17000, false),
(2299,0,'H68',17000, false),
(2300,1,'H68',17000, false),
(2301,2,'H68',17000, false),
(2302,0,'H69',17000, false),
(2303,1,'H69',17000, false),
(2304,2,'H69',17000, false),
(2305,0,'H70',17000, false),
(2306,1,'H70',17000, false),
(2307,2,'H70',17000, false),
(2308,0,'H71',17000, false),
(2309,1,'H71',17000, false),
(2310,2,'H71',17000, false),
(2311,0,'H72',17000, false),
(2312,1,'H72',17000, false),
(2313,2,'H72',17000, false),
(2314,0,'H73',17000, false),
(2315,1,'H73',17000, false),
(2316,2,'H73',17000, false),
(2317,0,'H74',17000, false),
(2318,1,'H74',17000, false),
(2319,2,'H74',17000, false),
(2320,0,'H75',17000, false),
(2321,1,'H75',17000, false),
(2322,2,'H75',17000, false),
(2323,0,'H76',17000, false),
(2324,1,'H76',17000, false),
(2325,2,'H76',17000, false),
(2326,0,'H77',17000, false),
(2327,1,'H77',17000, false),
(2328,2,'H77',17000, false),
(2329,0,'H78',17000, false),
(2330,1,'H78',17000, false),
(2331,2,'H78',17000, false),
(2332,0,'H79',17000, false),
(2333,1,'H79',17000, false),
(2334,2,'H79',17000, false),
(2335,0,'H80',17000, false),
(2336,1,'H80',17000, false),
(2337,2,'H80',17000, false),
(2338,0,'H81',17000, false),
(2339,1,'H81',17000, false),
(2340,2,'H81',17000, false),
(2341,0,'H82',17000, false),
(2342,1,'H82',17000, false),
(2343,2,'H82',17000, false),
(2344,0,'H83',17000, false),
(2345,1,'H83',17000, false),
(2346,2,'H83',17000, false),
(2347,0,'H84',17000, false),
(2348,1,'H84',17000, false),
(2349,2,'H84',17000, false),
(2350,0,'H85',17000, false),
(2351,1,'H85',17000, false),
(2352,2,'H85',17000, false),
(2353,0,'H86',17000, false),
(2354,1,'H86',17000, false),
(2355,2,'H86',17000, false),
(2356,0,'H87',17000, false),
(2357,1,'H87',17000, false),
(2358,2,'H87',17000, false),
(2359,0,'H88',17000, false),
(2360,1,'H88',17000, false),
(2361,2,'H88',17000, false),
(2362,0,'H89',17000, false),
(2363,1,'H89',17000, false),
(2364,2,'H89',17000, false),
(2365,0,'H90',17000, false),
(2366,1,'H90',17000, false),
(2367,2,'H90',17000, false),
(2368,0,'H91',17000, false),
(2369,1,'H91',17000, false),
(2370,2,'H91',17000, false),
(2371,0,'H92',17000, false),
(2372,1,'H92',17000, false),
(2373,2,'H92',17000, false),
(2374,0,'H93',17000, false),
(2375,1,'H93',17000, false),
(2376,2,'H93',17000, false),
(2377,0,'H94',17000, false),
(2378,1,'H94',17000, false),
(2379,2,'H94',17000, false),
(2380,0,'H95',17000, false),
(2381,1,'H95',17000, false),
(2382,2,'H95',17000, false),
(2383,0,'H96',17000, false),
(2384,1,'H96',17000, false),
(2385,2,'H96',17000, false),
(2386,0,'H97',17000, false),
(2387,1,'H97',17000, false),
(2388,2,'H97',17000, false),
(2389,0,'H98',17000, false),
(2390,1,'H98',17000, false),
(2391,2,'H98',17000, false),
(2392,0,'H99',17000, false),
(2393,1,'H99',17000, false),
(2394,2,'H99',17000, false),
(2395,0,'H100',17000, false),
(2396,1,'H100',17000, false),
(2397,2,'H100',17000, false),
(2398,0,'I1',18000, false),
(2399,1,'I1',18000, false),
(2400,2,'I1',18000, false),
(2401,0,'I2',18000, false),
(2402,1,'I2',18000, false),
(2403,2,'I2',18000, false),
(2404,0,'I3',18000, false),
(2405,1,'I3',18000, false),
(2406,2,'I3',18000, false),
(2407,0,'I4',18000, false),
(2408,1,'I4',18000, false),
(2409,2,'I4',18000, false),
(2410,0,'I5',18000, false),
(2411,1,'I5',18000, false),
(2412,2,'I5',18000, false),
(2413,0,'I6',18000, false),
(2414,1,'I6',18000, false),
(2415,2,'I6',18000, false),
(2416,0,'I7',18000, false),
(2417,1,'I7',18000, false),
(2418,2,'I7',18000, false),
(2419,0,'I8',18000, false),
(2420,1,'I8',18000, false),
(2421,2,'I8',18000, false),
(2422,0,'I9',18000, false),
(2423,1,'I9',18000, false),
(2424,2,'I9',18000, false),
(2425,0,'I10',18000, false),
(2426,1,'I10',18000, false),
(2427,2,'I10',18000, false),
(2428,0,'I11',18000, false),
(2429,1,'I11',18000, false),
(2430,2,'I11',18000, false),
(2431,0,'I12',18000, false),
(2432,1,'I12',18000, false),
(2433,2,'I12',18000, false),
(2434,0,'I13',18000, false),
(2435,1,'I13',18000, false),
(2436,2,'I13',18000, false),
(2437,0,'I14',18000, false),
(2438,1,'I14',18000, false),
(2439,2,'I14',18000, false),
(2440,0,'I15',18000, false),
(2441,1,'I15',18000, false),
(2442,2,'I15',18000, false),
(2443,0,'I16',18000, false),
(2444,1,'I16',18000, false),
(2445,2,'I16',18000, false),
(2446,0,'I17',18000, false),
(2447,1,'I17',18000, false),
(2448,2,'I17',18000, false),
(2449,0,'I18',18000, false),
(2450,1,'I18',18000, false),
(2451,2,'I18',18000, false),
(2452,0,'I19',18000, false),
(2453,1,'I19',18000, false),
(2454,2,'I19',18000, false),
(2455,0,'I20',18000, false),
(2456,1,'I20',18000, false),
(2457,2,'I20',18000, false),
(2458,0,'I21',18000, false),
(2459,1,'I21',18000, false),
(2460,2,'I21',18000, false),
(2461,0,'I22',18000, false),
(2462,1,'I22',18000, false),
(2463,2,'I22',18000, false),
(2464,0,'I23',18000, false),
(2465,1,'I23',18000, false),
(2466,2,'I23',18000, false),
(2467,0,'I24',18000, false),
(2468,1,'I24',18000, false),
(2469,2,'I24',18000, false),
(2470,0,'I25',18000, false),
(2471,1,'I25',18000, false),
(2472,2,'I25',18000, false),
(2473,0,'I26',18000, false),
(2474,1,'I26',18000, false),
(2475,2,'I26',18000, false),
(2476,0,'I27',18000, false),
(2477,1,'I27',18000, false),
(2478,2,'I27',18000, false),
(2479,0,'I28',18000, false),
(2480,1,'I28',18000, false),
(2481,2,'I28',18000, false),
(2482,0,'I29',18000, false),
(2483,1,'I29',18000, false),
(2484,2,'I29',18000, false),
(2485,0,'I30',18000, false),
(2486,1,'I30',18000, false),
(2487,2,'I30',18000, false),
(2488,0,'I31',18000, false),
(2489,1,'I31',18000, false),
(2490,2,'I31',18000, false),
(2491,0,'I32',18000, false),
(2492,1,'I32',18000, false),
(2493,2,'I32',18000, false),
(2494,0,'I33',18000, false),
(2495,1,'I33',18000, false),
(2496,2,'I33',18000, false),
(2497,0,'I34',18000, false),
(2498,1,'I34',18000, false),
(2499,2,'I34',18000, false),
(2500,0,'I35',18000, false),
(2501,1,'I35',18000, false),
(2502,2,'I35',18000, false),
(2503,0,'I36',18000, false),
(2504,1,'I36',18000, false),
(2505,2,'I36',18000, false),
(2506,0,'I37',18000, false),
(2507,1,'I37',18000, false),
(2508,2,'I37',18000, false),
(2509,0,'I38',18000, false),
(2510,1,'I38',18000, false),
(2511,2,'I38',18000, false),
(2512,0,'I39',18000, false),
(2513,1,'I39',18000, false),
(2514,2,'I39',18000, false),
(2515,0,'I40',18000, false),
(2516,1,'I40',18000, false),
(2517,2,'I40',18000, false),
(2518,0,'I41',18000, false),
(2519,1,'I41',18000, false),
(2520,2,'I41',18000, false),
(2521,0,'I42',18000, false),
(2522,1,'I42',18000, false),
(2523,2,'I42',18000, false),
(2524,0,'I43',18000, false),
(2525,1,'I43',18000, false),
(2526,2,'I43',18000, false),
(2527,0,'I44',18000, false),
(2528,1,'I44',18000, false),
(2529,2,'I44',18000, false),
(2530,0,'I45',18000, false),
(2531,1,'I45',18000, false),
(2532,2,'I45',18000, false),
(2533,0,'I46',18000, false),
(2534,1,'I46',18000, false),
(2535,2,'I46',18000, false),
(2536,0,'I47',18000, false),
(2537,1,'I47',18000, false),
(2538,2,'I47',18000, false),
(2539,0,'I48',18000, false),
(2540,1,'I48',18000, false),
(2541,2,'I48',18000, false),
(2542,0,'I49',18000, false),
(2543,1,'I49',18000, false),
(2544,2,'I49',18000, false),
(2545,0,'I50',18000, false),
(2546,1,'I50',18000, false),
(2547,2,'I50',18000, false),
(2548,0,'I51',18000, false),
(2549,1,'I51',18000, false),
(2550,2,'I51',18000, false),
(2551,0,'I52',18000, false),
(2552,1,'I52',18000, false),
(2553,2,'I52',18000, false),
(2554,0,'I53',18000, false),
(2555,1,'I53',18000, false),
(2556,2,'I53',18000, false),
(2557,0,'I54',18000, false),
(2558,1,'I54',18000, false),
(2559,2,'I54',18000, false),
(2560,0,'I55',18000, false),
(2561,1,'I55',18000, false),
(2562,2,'I55',18000, false),
(2563,0,'I56',18000, false),
(2564,1,'I56',18000, false),
(2565,2,'I56',18000, false),
(2566,0,'I57',18000, false),
(2567,1,'I57',18000, false),
(2568,2,'I57',18000, false),
(2569,0,'I58',18000, false),
(2570,1,'I58',18000, false),
(2571,2,'I58',18000, false),
(2572,0,'I59',18000, false),
(2573,1,'I59',18000, false),
(2574,2,'I59',18000, false),
(2575,0,'I60',18000, false),
(2576,1,'I60',18000, false),
(2577,2,'I60',18000, false),
(2578,0,'I61',18000, false),
(2579,1,'I61',18000, false),
(2580,2,'I61',18000, false),
(2581,0,'I62',18000, false),
(2582,1,'I62',18000, false),
(2583,2,'I62',18000, false),
(2584,0,'I63',18000, false),
(2585,1,'I63',18000, false),
(2586,2,'I63',18000, false),
(2587,0,'I64',18000, false),
(2588,1,'I64',18000, false),
(2589,2,'I64',18000, false),
(2590,0,'I65',18000, false),
(2591,1,'I65',18000, false),
(2592,2,'I65',18000, false),
(2593,0,'I66',18000, false),
(2594,1,'I66',18000, false),
(2595,2,'I66',18000, false),
(2596,0,'I67',18000, false),
(2597,1,'I67',18000, false),
(2598,2,'I67',18000, false),
(2599,0,'I68',18000, false),
(2600,1,'I68',18000, false),
(2601,2,'I68',18000, false),
(2602,0,'I69',18000, false),
(2603,1,'I69',18000, false),
(2604,2,'I69',18000, false),
(2605,0,'I70',18000, false),
(2606,1,'I70',18000, false),
(2607,2,'I70',18000, false),
(2608,0,'I71',18000, false),
(2609,1,'I71',18000, false),
(2610,2,'I71',18000, false),
(2611,0,'I72',18000, false),
(2612,1,'I72',18000, false),
(2613,2,'I72',18000, false),
(2614,0,'I73',18000, false),
(2615,1,'I73',18000, false),
(2616,2,'I73',18000, false),
(2617,0,'I74',18000, false),
(2618,1,'I74',18000, false),
(2619,2,'I74',18000, false),
(2620,0,'I75',18000, false),
(2621,1,'I75',18000, false),
(2622,2,'I75',18000, false),
(2623,0,'I76',18000, false),
(2624,1,'I76',18000, false),
(2625,2,'I76',18000, false),
(2626,0,'I77',18000, false),
(2627,1,'I77',18000, false),
(2628,2,'I77',18000, false),
(2629,0,'I78',18000, false),
(2630,1,'I78',18000, false),
(2631,2,'I78',18000, false),
(2632,0,'I79',18000, false),
(2633,1,'I79',18000, false),
(2634,2,'I79',18000, false),
(2635,0,'I80',18000, false),
(2636,1,'I80',18000, false),
(2637,2,'I80',18000, false),
(2638,0,'I81',18000, false),
(2639,1,'I81',18000, false),
(2640,2,'I81',18000, false),
(2641,0,'I82',18000, false),
(2642,1,'I82',18000, false),
(2643,2,'I82',18000, false),
(2644,0,'I83',18000, false),
(2645,1,'I83',18000, false),
(2646,2,'I83',18000, false),
(2647,0,'I84',18000, false),
(2648,1,'I84',18000, false),
(2649,2,'I84',18000, false),
(2650,0,'I85',18000, false),
(2651,1,'I85',18000, false),
(2652,2,'I85',18000, false),
(2653,0,'I86',18000, false),
(2654,1,'I86',18000, false),
(2655,2,'I86',18000, false),
(2656,0,'I87',18000, false),
(2657,1,'I87',18000, false),
(2658,2,'I87',18000, false),
(2659,0,'I88',18000, false),
(2660,1,'I88',18000, false),
(2661,2,'I88',18000, false),
(2662,0,'I89',18000, false),
(2663,1,'I89',18000, false),
(2664,2,'I89',18000, false),
(2665,0,'I90',18000, false),
(2666,1,'I90',18000, false),
(2667,2,'I90',18000, false),
(2668,0,'I91',18000, false),
(2669,1,'I91',18000, false),
(2670,2,'I91',18000, false),
(2671,0,'I92',18000, false),
(2672,1,'I92',18000, false),
(2673,2,'I92',18000, false),
(2674,0,'I93',18000, false),
(2675,1,'I93',18000, false),
(2676,2,'I93',18000, false),
(2677,0,'I94',18000, false),
(2678,1,'I94',18000, false),
(2679,2,'I94',18000, false),
(2680,0,'I95',18000, false),
(2681,1,'I95',18000, false),
(2682,2,'I95',18000, false),
(2683,0,'I96',18000, false),
(2684,1,'I96',18000, false),
(2685,2,'I96',18000, false),
(2686,0,'I97',18000, false),
(2687,1,'I97',18000, false),
(2688,2,'I97',18000, false),
(2689,0,'I98',18000, false),
(2690,1,'I98',18000, false),
(2691,2,'I98',18000, false),
(2692,0,'I99',18000, false),
(2693,1,'I99',18000, false),
(2694,2,'I99',18000, false),
(2695,0,'I100',18000, false),
(2696,1,'I100',18000, false),
(2697,2,'I100',18000, false),
(2698,0,'J1',19000, false),
(2699,1,'J1',19000, false),
(2700,2,'J1',19000, false),
(2701,0,'J2',19000, false),
(2702,1,'J2',19000, false),
(2703,2,'J2',19000, false),
(2704,0,'J3',19000, false),
(2705,1,'J3',19000, false),
(2706,2,'J3',19000, false),
(2707,0,'J4',19000, false),
(2708,1,'J4',19000, false),
(2709,2,'J4',19000, false),
(2710,0,'J5',19000, false),
(2711,1,'J5',19000, false),
(2712,2,'J5',19000, false),
(2713,0,'J6',19000, false),
(2714,1,'J6',19000, false),
(2715,2,'J6',19000, false),
(2716,0,'J7',19000, false),
(2717,1,'J7',19000, false),
(2718,2,'J7',19000, false),
(2719,0,'J8',19000, false),
(2720,1,'J8',19000, false),
(2721,2,'J8',19000, false),
(2722,0,'J9',19000, false),
(2723,1,'J9',19000, false),
(2724,2,'J9',19000, false),
(2725,0,'J10',19000, false),
(2726,1,'J10',19000, false),
(2727,2,'J10',19000, false),
(2728,0,'J11',19000, false),
(2729,1,'J11',19000, false),
(2730,2,'J11',19000, false),
(2731,0,'J12',19000, false),
(2732,1,'J12',19000, false),
(2733,2,'J12',19000, false),
(2734,0,'J13',19000, false),
(2735,1,'J13',19000, false),
(2736,2,'J13',19000, false),
(2737,0,'J14',19000, false),
(2738,1,'J14',19000, false),
(2739,2,'J14',19000, false),
(2740,0,'J15',19000, false),
(2741,1,'J15',19000, false),
(2742,2,'J15',19000, false),
(2743,0,'J16',19000, false),
(2744,1,'J16',19000, false),
(2745,2,'J16',19000, false),
(2746,0,'J17',19000, false),
(2747,1,'J17',19000, false),
(2748,2,'J17',19000, false),
(2749,0,'J18',19000, false),
(2750,1,'J18',19000, false),
(2751,2,'J18',19000, false),
(2752,0,'J19',19000, false),
(2753,1,'J19',19000, false),
(2754,2,'J19',19000, false),
(2755,0,'J20',19000, false),
(2756,1,'J20',19000, false),
(2757,2,'J20',19000, false),
(2758,0,'J21',19000, false),
(2759,1,'J21',19000, false),
(2760,2,'J21',19000, false),
(2761,0,'J22',19000, false),
(2762,1,'J22',19000, false),
(2763,2,'J22',19000, false),
(2764,0,'J23',19000, false),
(2765,1,'J23',19000, false),
(2766,2,'J23',19000, false),
(2767,0,'J24',19000, false),
(2768,1,'J24',19000, false),
(2769,2,'J24',19000, false),
(2770,0,'J25',19000, false),
(2771,1,'J25',19000, false),
(2772,2,'J25',19000, false),
(2773,0,'J26',19000, false),
(2774,1,'J26',19000, false),
(2775,2,'J26',19000, false),
(2776,0,'J27',19000, false),
(2777,1,'J27',19000, false),
(2778,2,'J27',19000, false),
(2779,0,'J28',19000, false),
(2780,1,'J28',19000, false),
(2781,2,'J28',19000, false),
(2782,0,'J29',19000, false),
(2783,1,'J29',19000, false),
(2784,2,'J29',19000, false),
(2785,0,'J30',19000, false),
(2786,1,'J30',19000, false),
(2787,2,'J30',19000, false),
(2788,0,'J31',19000, false),
(2789,1,'J31',19000, false),
(2790,2,'J31',19000, false),
(2791,0,'J32',19000, false),
(2792,1,'J32',19000, false),
(2793,2,'J32',19000, false),
(2794,0,'J33',19000, false),
(2795,1,'J33',19000, false),
(2796,2,'J33',19000, false),
(2797,0,'J34',19000, false),
(2798,1,'J34',19000, false),
(2799,2,'J34',19000, false),
(2800,0,'J35',19000, false),
(2801,1,'J35',19000, false),
(2802,2,'J35',19000, false),
(2803,0,'J36',19000, false),
(2804,1,'J36',19000, false),
(2805,2,'J36',19000, false),
(2806,0,'J37',19000, false),
(2807,1,'J37',19000, false),
(2808,2,'J37',19000, false),
(2809,0,'J38',19000, false),
(2810,1,'J38',19000, false),
(2811,2,'J38',19000, false),
(2812,0,'J39',19000, false),
(2813,1,'J39',19000, false),
(2814,2,'J39',19000, false),
(2815,0,'J40',19000, false),
(2816,1,'J40',19000, false),
(2817,2,'J40',19000, false),
(2818,0,'J41',19000, false),
(2819,1,'J41',19000, false),
(2820,2,'J41',19000, false),
(2821,0,'J42',19000, false),
(2822,1,'J42',19000, false),
(2823,2,'J42',19000, false),
(2824,0,'J43',19000, false),
(2825,1,'J43',19000, false),
(2826,2,'J43',19000, false),
(2827,0,'J44',19000, false),
(2828,1,'J44',19000, false),
(2829,2,'J44',19000, false),
(2830,0,'J45',19000, false),
(2831,1,'J45',19000, false),
(2832,2,'J45',19000, false),
(2833,0,'J46',19000, false),
(2834,1,'J46',19000, false),
(2835,2,'J46',19000, false),
(2836,0,'J47',19000, false),
(2837,1,'J47',19000, false),
(2838,2,'J47',19000, false),
(2839,0,'J48',19000, false),
(2840,1,'J48',19000, false),
(2841,2,'J48',19000, false),
(2842,0,'J49',19000, false),
(2843,1,'J49',19000, false),
(2844,2,'J49',19000, false),
(2845,0,'J50',19000, false),
(2846,1,'J50',19000, false),
(2847,2,'J50',19000, false),
(2848,0,'J51',19000, false),
(2849,1,'J51',19000, false),
(2850,2,'J51',19000, false),
(2851,0,'J52',19000, false),
(2852,1,'J52',19000, false),
(2853,2,'J52',19000, false),
(2854,0,'J53',19000, false),
(2855,1,'J53',19000, false),
(2856,2,'J53',19000, false),
(2857,0,'J54',19000, false),
(2858,1,'J54',19000, false),
(2859,2,'J54',19000, false),
(2860,0,'J55',19000, false),
(2861,1,'J55',19000, false),
(2862,2,'J55',19000, false),
(2863,0,'J56',19000, false),
(2864,1,'J56',19000, false),
(2865,2,'J56',19000, false),
(2866,0,'J57',19000, false),
(2867,1,'J57',19000, false),
(2868,2,'J57',19000, false),
(2869,0,'J58',19000, false),
(2870,1,'J58',19000, false),
(2871,2,'J58',19000, false),
(2872,0,'J59',19000, false),
(2873,1,'J59',19000, false),
(2874,2,'J59',19000, false),
(2875,0,'J60',19000, false),
(2876,1,'J60',19000, false),
(2877,2,'J60',19000, false),
(2878,0,'J61',19000, false),
(2879,1,'J61',19000, false),
(2880,2,'J61',19000, false),
(2881,0,'J62',19000, false),
(2882,1,'J62',19000, false),
(2883,2,'J62',19000, false),
(2884,0,'J63',19000, false),
(2885,1,'J63',19000, false),
(2886,2,'J63',19000, false),
(2887,0,'J64',19000, false),
(2888,1,'J64',19000, false),
(2889,2,'J64',19000, false),
(2890,0,'J65',19000, false),
(2891,1,'J65',19000, false),
(2892,2,'J65',19000, false),
(2893,0,'J66',19000, false),
(2894,1,'J66',19000, false),
(2895,2,'J66',19000, false),
(2896,0,'J67',19000, false),
(2897,1,'J67',19000, false),
(2898,2,'J67',19000, false),
(2899,0,'J68',19000, false),
(2900,1,'J68',19000, false),
(2901,2,'J68',19000, false),
(2902,0,'J69',19000, false),
(2903,1,'J69',19000, false),
(2904,2,'J69',19000, false),
(2905,0,'J70',19000, false),
(2906,1,'J70',19000, false),
(2907,2,'J70',19000, false),
(2908,0,'J71',19000, false),
(2909,1,'J71',19000, false),
(2910,2,'J71',19000, false),
(2911,0,'J72',19000, false),
(2912,1,'J72',19000, false),
(2913,2,'J72',19000, false),
(2914,0,'J73',19000, false),
(2915,1,'J73',19000, false),
(2916,2,'J73',19000, false),
(2917,0,'J74',19000, false),
(2918,1,'J74',19000, false),
(2919,2,'J74',19000, false),
(2920,0,'J75',19000, false),
(2921,1,'J75',19000, false),
(2922,2,'J75',19000, false),
(2923,0,'J76',19000, false),
(2924,1,'J76',19000, false),
(2925,2,'J76',19000, false),
(2926,0,'J77',19000, false),
(2927,1,'J77',19000, false),
(2928,2,'J77',19000, false),
(2929,0,'J78',19000, false),
(2930,1,'J78',19000, false),
(2931,2,'J78',19000, false),
(2932,0,'J79',19000, false),
(2933,1,'J79',19000, false),
(2934,2,'J79',19000, false),
(2935,0,'J80',19000, false),
(2936,1,'J80',19000, false),
(2937,2,'J80',19000, false),
(2938,0,'J81',19000, false),
(2939,1,'J81',19000, false),
(2940,2,'J81',19000, false),
(2941,0,'J82',19000, false),
(2942,1,'J82',19000, false),
(2943,2,'J82',19000, false),
(2944,0,'J83',19000, false),
(2945,1,'J83',19000, false),
(2946,2,'J83',19000, false),
(2947,0,'J84',19000, false),
(2948,1,'J84',19000, false),
(2949,2,'J84',19000, false),
(2950,0,'J85',19000, false),
(2951,1,'J85',19000, false),
(2952,2,'J85',19000, false),
(2953,0,'J86',19000, false),
(2954,1,'J86',19000, false),
(2955,2,'J86',19000, false),
(2956,0,'J87',19000, false),
(2957,1,'J87',19000, false),
(2958,2,'J87',19000, false),
(2959,0,'J88',19000, false),
(2960,1,'J88',19000, false),
(2961,2,'J88',19000, false),
(2962,0,'J89',19000, false),
(2963,1,'J89',19000, false),
(2964,2,'J89',19000, false),
(2965,0,'J90',19000, false),
(2966,1,'J90',19000, false),
(2967,2,'J90',19000, false),
(2968,0,'J91',19000, false),
(2969,1,'J91',19000, false),
(2970,2,'J91',19000, false),
(2971,0,'J92',19000, false),
(2972,1,'J92',19000, false),
(2973,2,'J92',19000, false),
(2974,0,'J93',19000, false),
(2975,1,'J93',19000, false),
(2976,2,'J93',19000, false),
(2977,0,'J94',19000, false),
(2978,1,'J94',19000, false),
(2979,2,'J94',19000, false),
(2980,0,'J95',19000, false),
(2981,1,'J95',19000, false),
(2982,2,'J95',19000, false),
(2983,0,'J96',19000, false),
(2984,1,'J96',19000, false),
(2985,2,'J96',19000, false),
(2986,0,'J97',19000, false),
(2987,1,'J97',19000, false),
(2988,2,'J97',19000, false),
(2989,0,'J98',19000, false),
(2990,1,'J98',19000, false),
(2991,2,'J98',19000, false),
(2992,0,'J99',19000, false),
(2993,1,'J99',19000, false),
(2994,2,'J99',19000, false),
(2995,0,'J100',19000, false),
(2996,1,'J100',19000, false),
(2997,2,'J100',19000, false);