delete from queue_token;
delete from payment;
delete from reservation_ticket;
delete from reservation;
delete from concert_seat;
delete from concert_schedule;
delete from concert;
delete from user_asset;

insert into 
    user_asset(user_id, balance)
values 
    (0, 0),
    (1, 0);

insert into 
    concert(id, name, description)
values 
    (0, '아이유 콘서트', '2024.07.17 ~ 2024.07.19');

insert into 
    concert_schedule(id, concert_id, place, reservation_st_date, reservation_end_date, concert_date)
values 
    (0, 0, '잠실', '2024-07-01', '2024-07-05', '2024-07-17'),
    (1, 0, '잠실', '2024-07-01', '2024-07-05', '2024-07-18'),
    (2, 0, '잠실', '2024-07-01', '2024-07-05', '2024-07-19');

insert into 
    concert_seat(id, concert_schedule_id, location, price, reserved)
values
    (0, 0, 'R1', 100000, false),
    (1, 0, 'R2', 120000, false),
    (2, 0, 'R3', 130000, false),
    (3, 0, 'L1', 140000, false),
    (4, 0, 'L2', 150000, false),
    (5, 0, 'L3', 160000, false),
    (6, 1, 'R1', 300000, false),
    (7, 1, 'R2', 320000, false),
    (8, 1, 'R3', 330000, false),
    (9, 1, 'L1', 340000, false),
    (10, 1, 'L2', 350000, false),
    (11, 1, 'L3', 360000, false),
    (12, 2, 'R1', 200000, false),
    (13, 2, 'R2', 220000, false),
    (14, 2, 'R3', 230000, false),
    (15, 2, 'L1', 240000, false),
    (16, 2, 'L2', 250000, false),
    (17, 2, 'L3', 260000, false);

insert into
    concert(id, name, description)
values
     (1, 'aJClWWxMEt', 'fN61LDzlxDfJY2EKIhY2443hq1B9Fm8czDfSvTnywMDWMGLw4e')
     , (2, 'vbFLwJzwiK', 'T183NJzWMYxWqIMPvRmMNmXGBlGYctsh3hphOeCbFtmD gqvDa')
     , (3, 'JHpELVgCYO', '8SDuYx91q8X9yyZX2Nbd72raqgS65wOwJvemEFRKBhvJE4G29 ')
     , (4, 'YVbtzWzgFk', 'ywbYMjpSMdqWdvWN749FmKkQDTMsQFf4A6gj3sbR6qeK3c3xVh')
     , (5, 'UTKZTrfCmQ', '7PbkcgWGrd8bbyzS9fdoNcXnCDid7kCVIlk4rvOqCZyJu 92WB')
     , (6, 'SLYCiaTbpG', 'aW0X1YRBM9gxjqNxHqiVrBdgYEnReMyPlPvkK FBWf7UsFDLSF')
     , (7, 'fVRjxseVxH', 'KeoqMksEQZBkbQL kzJEct2g 0sVygR2N1OV9t7Q hu16tHu8g')
     , (8, 'pAMBaTFubk', '6JpOpMY3FJZUF1nSpooUF7fw28kxt9ciK4DJBDFMbs5fuuQIAB')
     , (9, 'qWnkCsJSjT', '0o9dW9AXzJ3BQxTYvP3QaFmQODNP32kl gIYiySF9 ThzeCfH8')
     , (10, 'DpmrcqgPgO', 'y3Sz9SH1xTXh6CrHfdK6bBl0iv 1NWvIrTpXy4Uzny Vx2EpHv')
     , (11, 'RtTYDqLGmm', 'rRkb9Gauuawf1fcJybUsMtE9n3MESynkh mmuQ5nUUXwNNdsKP')
     , (12, 'keIHPOHpcB', 'ppj4rTpkdVayI VWCuAOlvYaIrc5Zx7r9pvMWY8oSk1vGmPYF2')
     , (13, 'vdaKJCOqGK', 'DTXy2L1DZdg1XVtMkNv0RmS lRs8oYvVzBJ6kDSFq7JqVy l9W')
     , (14, 'RSROPVcwwa', '90Zo0uuPVqlYN5QrC6QURGpRzzGfzjNvatgMNfZziupKsl78z2')
     , (15, 'GpWvwYkvCJ', 'vdAmfibcRP2AzDjoapeQKrABzNQqUtLHdUru34Ldtj7JxVXDJO')
     , (16, 'iqVYTJjNdR', 'T1LiNqN8BEvc ekcRTJZRfGHOfK2RNbEgbnYjBNONUDPjEHb7l')
     , (17, 'nsSHnGDrfN', 'MC2nc3R8i9POGS8VOMk6F8ahxZyxgcuph6P6dATjpVGLFXsYJJ')
     , (18, 'UaBlpMSYxY', '4HDyIqNRKY0wzUr9mJuPgWzC5xzcpKvOQFzNhXVR18EDxpoql5')
     , (19, 'iekZuuymVZ', 'VpoEqmYLYMeHgbKxRneRO7IcEDEQ oFM38evbj9w13VYVxUFRU')
     , (20, 'xhRJXgcoOR', '80VL202i18XAEzKE9MtXDATRItOhIzp5rCFSydfuPt3P3tcJix')
     , (21, 'TraOyIpLkf', 'mm HeyqdKT7jYdw4ly9fTPx2 jM62WcygxP4emm08S19kAR9tW')
     , (22, 'aufXHOZNmX', 'nX39oEQN3fmOEGsvecGTSpn WKh5HUcs8chcZPlK7enbjCWYgZ')
     , (23, 'TtihMdpsJN', 'LssnSsXSBAoT3GyPkKMmrVfJrVQ8kH1c8XcBiPTIg1EaA pHMD')
     , (24, 'afvGWzgPsM', 'N6KVsgdP2CqhlYHLBkWfHnsBbLW0ZhJkTUuTKKywYKU9TI2uoV')
     , (25, 'oIHaPorSix', 'ZIXZabOlbfM8UaIhtjMM4XPnZ1QkKhPl37ZgYQwxd7JqYP34TI')
     , (26, 'gvuinjnRPy', 'pSaEayx87 Th0etXy3jRpvFDGXpaF0ucXg7cWB  SlRemXi ia')
     , (27, 'ZbMdvpVwdZ', 'CsT RbAiT1FD0mg22y1gImHQyzWhXDlPDXyxEqdakv9cAnEpwI')
     , (28, 'dKshewMpDj', 'PrRK9nqK6w18NldxMX8n14zbhLx26KEY45XHDGllyqSXGhUJVN')
     , (29, 'yposHEyVyQ', 'foM8dfW4tsKN7M8QdSw 4Ltl221yACkxp6Et9gr5g TJiPRVJg')
     , (30, 'sPztWWVZiK', 'oB4v1plCcrIG9efteK4mJt80P2H6RCEWCGZ4zaH3iYUwm5OEtb')
     , (31, 'nOTrWMpvjk', 'h7bYR4IfEcmh0TCrM1ldtcB10TTQwtV2GKBitWvMcPbHVDQnvN')
     , (32, 'kUmJlJKtbi', '1gNYZkc04Zzn2fqeXqtOoqIqgWPUXyTg0RAOESTwNm5Df75axU')
     , (33, 'FyZCpiSdri', '2zdzN00eFqWheoDrl TqyreZaD2hcubYuw0r8VhIVDnOR0Dq9e')
     , (34, 'nTJWahfMTh', '3fQZ5MW4pp0AIiq5epHa0biHmJrlxo1SrP5Y4XtHjsdgMI3Zd ')
     , (35, 'EwXhHkeVWa', 'DXVfZTK6MqMUR8KohJXorEIXdvz4VhGicGX3WtGEsm1n9PIidn')
     , (36, 'qDdoyAzceU', ' o4Zl89ilPRrnO8ib4JUxyfjBBACRgzotT2aY4bmZgeV0YuukZ')
     , (37, 'GYmGtLhglO', 'YKd gkUS8VmFrN2 SrIrjCGfSInZtTylq8wZZgIO3953Tc 8tE')
     , (38, 'KuMwOhKIbA', 'tiYpocfgNBP67OPDBW8xeYLBD581DK5LeSeWIgMNItwJAr21UR')
     , (39, 'ZdqIfFJzPA', ' VA1fz6rqSet5TLP9uIDUHmr6by8tfkU1ztfrMKC8rPXir9oHa')
     , (40, 'jbHiRwHzmV', 'wH5Wp5L8nahsT5rdi2ZimuiL2RhzLtSbjWVQVvvCFpdm I52LR')
     , (41, 'bFpmQrScoR', 'YG4VGR77q6K uaY9OEaMjZ3tOFjy5AgUTQ70R47jdohLwJxNMw')
     , (42, 'AARxLxSBhq', 'qyYQkic 6e4vYWoW5IeYeJ5qyBkMbwFf0pUaNzya3EZ7bta06J')
     , (43, 'AnBvqYhazN', 'pnoAAttuGR5eLZ0xRiguUZgWkb5XErqMqc8ERALiz5sTqEwJS3')
     , (44, 'BZbRcOXGlq', 'F7mZA 1Ek78lkQswLLORpVZ wpl8FRGjMcSaHsgYLVJq8jijFP')
     , (45, 'selQXAxyPO', 'diAlXGaV0cZeKxJ5UnJ11sf34xV0CUOFQLemMQT9MfuuioE7V1')
     , (46, 'tgvIjkeWKv', 'QShfz1leHW4EBbgGTXTjJW2GkOAVy537MLrkPV WtMReNRhbG9')
     , (47, 'eRUSCLILGs', 'G7ZJTbl58vXNO5xUS01NNDU 3VbKsfsVpmxu8hOlfUotIDSCVO')
     , (48, 'znSDLiSkbp', 'CKKEb2JgFamBUqt7HOW8LzcD3ni5h27iyHMuj6R5JrOKo0AL1J')
     , (49, 'asrIlxcmlp', 'oZZAcI  Ba0kU2FzSzezH8pswlUUKBtOAlNUCOA7FH3cQ5dMb7')
     , (50, 'RzPJnleFQN', 'fRhETOxLCn GIzUNLcDEog9AtZMSMWv UzLZ3GiZTrI67f  7H')
     , (51, 'ijWSEQTSXC', 'MPKnAHl7eVLQP8Q2vyvFA3E8dMlrAg2r3ADktzAxFblz5EWk3l')
     , (52, 'lMNNNnQFcQ', 'cQcKohjADAvDSPZ9Sl8UJatdlm4bDLIiglnW71BUCL2Rhal05g')
     , (53, 'ZkOzIsdorO', 'ZF08feQFglF8fMpRdosuUz2lrDpveTjGBRNjJkcsDQV0P8Amy ')
     , (54, 'kUnxMSHGaX', 'XfJOyCLgsEciCOdW14B6mAxiASdHZneSMoXOL kErBqtkm8dyt')
     , (55, 'sAkqXCZwIJ', '4GQhadj1jfAsxjSbKl8ZYrQGZqvkD7z5ZM4bXGy 4j0qkOdLF8')
     , (56, 'XQKWQobEkG', 'lyqWIjmRH4dMZc3n80PqUwfIcCyeAhCSVmG0D8dPdFvDF01iVV')
     , (57, 'ToQkKzrnbj', 'YgozRJqbFkG9Ta4w636uzb3j4ZwqPM5Uqz1PeJi2JeFjB5T0dY')
     , (58, 'TcmPQaGGDk', 'wFoeKeZBubF64dOqjshPBIsMcfYtZCBTdJ1guiVnCsGfjcSsyl')
     , (59, 'blFuKXnwnR', '51EKl0nSgEVuzeeCPmmVMc40F7iholaPyIY89yNFzAiOJN0B46')
     , (60, 'zswbYNdjtM', 'dcPkRf0ETiA79hLsc3yWGzLr0qoio8OWIgnthPmgHqpk5Pftt5')
     , (61, 'QpByNuxUzR', 'aoPK9j5oeHJkUymccfovdCBxi8W4IxtpAdRzzFs5Kpf07eHxny')
     , (62, 'CksrDaGoNN', 'J57N0N85pncFoUK0mYHm2GEOIBBUSUWT3wnItOW1VEEzLDBAF3')
     , (63, 'kyOvndvDqt', 'f6CZYw4CYBoK9uXBrs51t7qVbfRsoerbYwikeWc2tpQiuWCf1k')
     , (64, 'RaFHXFBozA', '75srZ 8KlRvMyTQccgWh4yKAjMpe4WnsVlKVZSqYKJZGUl6Ctj')
     , (65, 'HirvzZUPJF', 'aMlD7qVpmKcVXeQCNh4y8C6RDPuqR5ixGZqqfvbUvnBcgtDwbZ')
     , (66, 'YNAWtMfUKE', '9NPRRqGk3iXMhXiyk5PXjQhVjoXvATmzasqyZOQk1hhumIxTem')
     , (67, 'dFdzYEpZux', 'MfjKsdmgisslPDvc3PMsorgzDiwEIu8s5lGGXaVvMBB6X5 zfw')
     , (68, 'jKzudXxzfR', 'f1jG8zQxfRChOR4IyL2tjxipXiCB6n6lbNF1zXcYk PRmsR7O1')
     , (69, 'hOuZskDZoq', 'DDGIIDWJ5wlQe092SzXalsgggrJ27pclo0Xr76noS3CsLmjwdD')
     , (70, 'NicSZIcIhE', 'K4nXUKWeGQ1l6cuhnN6oYs4osbOW2JnMCxmi6Sm1yuGtpHnjez')
     , (71, 'hethuqGCxA', 'OJPSjuKqIItYn99dtmMgKtN8XCE31orvbg5PXvNvyJxUykwa2H')
     , (72, 'GyMtdkwokw', 'SS5oWRN9e 17NWs u25ANTLquLwT0C4J W1Prs7aiWoX6TJk5D')
     , (73, 'UibaEJwQso', 'hRX40SxnFgMI0HRnZUBrrfvTAI0rnS  NNgTxc EqI1ooEEHPs')
     , (74, 'auuUROejtT', '8Z2TtyBB7Gj9bvjioMTBKvOPeKb7owTGlvJgwck beX Z1TO4Q')
     , (75, 'vETsvGMkSH', 'MiZ9bJki2AF9WSSxSrJ0VzejKX0RZKL vhFax0oAYtGmYchqFv')
     , (76, 'ZYKWLXYHEu', 'oXY1YsUaKaeISKFI6kNfEdZs7ZnQ4t7V0ex3HEsm7A6nL6UA4U')
     , (77, 'XmucHrEZQs', 'ssL9LU 2UUUi4HKgvF2DobaYqY4dfWyZst8LFLgsqNpGnCLj2W')
     , (78, 'kpUmjobNPY', 'nvnJ  PdB0OSIyv5i8JuwTA0iGU7ps9p1qznwrGfl1QYhgG8Fq')
     , (79, 'tqIJfDoWvy', 'd4eW6cFGpAQo2OHEvNTcniuv7Wf4FopdjYedhqhcz6Jvr5UfBf')
     , (80, 'jWVlwyStuD', 'Yr9Nel8THX0i2paMJQwmUlSNidH3SUZ0PPjfjmSGBgWLqxheTf')
     , (81, 'YWTNoyzZiz', 'mE9JT2umLeYx MS2AJfd SK0OnY59CQCeuXdZSYtiCd 5fHtb8')
     , (82, 'QCPmDFUUxH', 'zLcGvHsOIc5hJVcEiZJLanU mBwdLx5J2mcw837Ut7ZI00seWl')
     , (83, 'BGZqXhXSoy', 'RBAc5cl5K1k1zV5N2zzwKAPLi1jHhHqqTELSnFre7IyvdV7Zsd')
     , (84, 'hjXopQRcRf', 'lRJKWwhIupV56hCIs ZeKkbLgrIZk4QCwQ8uH9FJkZ10wGWKgi')
     , (85, 'juhbrOavCa', 'dDtlGpW X2H7wqzotKMyw 33HGTsAtEJs2LUvzyAuhSWR8LVTx')
     , (86, 'JYwWZtMkDA', 'YdZS1syWn7ZoZS uPsU9vtIwWmqZ6zqbsLDuwqwM713pWgJhsx')
     , (87, 'MSyphaNcZH', 'exmNbnVFdeB4gyYsaGTxt1B2XLHIPvnRXyZxLWaxJgVk6BP1LL')
     , (88, 'euxvJFtggr', '0rWGXLG8d9FYNSNQNfxy8I5Ssw2ysNcivePRG5OjyqG7FjiAnV')
     , (89, 'uSjfnHUWYo', 'h90Q9jDi6fti8uS Arfm7wyZDqs0pC8L5TR647oiissi695 Ws')
     , (90, 'agclZyhCXY', 'wVCGk9M1qO06AImsoVdYuzegaDuazPQAh1yThDy7iE8bOOzWQD')
     , (91, 'bCCjGglMth', '4G9wEyiFRUD84EbKaaqefipvHpYqcLPlOSuHEHQ S943o2c9t4')
     , (92, 'GxIJMoRYOF', 'CpNUFvk15lO7YOqUE9nbbBdXKBQj37vUKE5rRLtqiVU8ejBLzr')
     , (93, 'wOHfAnlEka', 'VEdg3lMB4VC5Ww6JxkFnLwj17SL0rolvRD7nGP84 125Ik0wE ')
     , (94, 'ORYIcfMIkG', 'BO1wIO81S RljkhI8pIQLRZ9ryXRSOHDwgj7sPEjewuGYrZSTM')
     , (95, 'XNWRXfUDPd', 'GAKE0IDFsX0zV4znJxQnkf6w6d5IAHQGylg7t2nlw kjhy9vMm')
     , (96, 'MfmJyhDGtz', 'sRIN0qRgoOuWZ23PgsonsT1iaSB2EncUHHFKNHzOdUR6 zC4p9')
     , (97, 'oiynwTVHpa', 'w3Y1caHxtdxS5PHPK5GD5AymhX21NhU6sXT9ER74MDclSpIdtm')
     , (98, 'HouSlPLrpD', 'M1fdXKnZZNTxDMLFmn10vb6tWkHl9rveFRyw0F3PJdlNbOxXTq')
     , (99, 'kAXSmOReEg', '3Xsa7YNkjCXMUSiyM2fPJvUB9GgvbCyPDfCHbWpsF3FX974 82')
     , (100, 'JGRGCQbXkq', 'ObR7sm6X8yqOUHteZy3mxS0xbrGZAC4FurWuZPuc9gt9xs2cF6')
     , (101, 'GPxCMRkmzT', 'VtfA2RZVQumqImiQkCdBr3gFg1F0pOdPveqsYSkuQgXNP5s7nf')
     , (102, 'bGonTKPqlb', 'UlOFOLTwCyHnZ61E vuC4oTcsDsyqb43BgPI9TD1vLb8eEiYJz')
     , (103, 'EEXDMPNfkj', 'dsV0BLkY6F jmfa2 SnQO6FFDLIDPXNSklirz0HlU670vSV4jd')
     , (104, 'CjwqkKaEig', 'JXjilCsd9smU0CILFiK81ipZ8WzzOUBE a5c0eoAjl74EogSoh')
     , (105, 'BSbEerOdtt', 'iWFsJDRM9QDJy9TTe4f KABSYhsTb7wrF1FIOIN0lzIq7T8yeI')
     , (106, 'eGhFFRekxT', 've8VBeZT6ykV kccRFaV9acYJQHpIbIM5MgpoyPxS5AOHgI24J')
     , (107, 'piABrvUpVZ', 'ruH6zMR7etgTmhTGzJcUuh460BkjvD4tTf0fRvxU0uEYMUWUWT')
     , (108, 'plETRwvkdg', 'bVlxly lQDaZ55FAVF4V xu6ws988bX8yopgddn3kMpA13Nwpv')
     , (109, 'TUWmaqeYSs', 'kIgyNZtrIoauhAVFxVGPfVP84NUoFKEd6sfky91t3HrQ8HT7y0')
     , (110, 'PzIvsdGeoK', 'rkL6METjIVGvp8miAdckSMysSo6E1Zi8AZFfXXkacTzUfTOMK2')
     , (111, 'KfSSvWJuXw', 'EOGc0QyMBerrXiv5GbNqvmsAyY7USWC5nfIN6Ycvwxc3pZkOTZ')
     , (112, 'BQYlgAckGN', 'y8 40FyE1LkN1fS CH8Db2vwRkb2M3onqrHZtV2OSx7bNL5yyr')
     , (113, 'LChiXkHTPh', 'RFMMDSfpIKgCLfuvT85VQFRUSkO667YDAujBuIoJOC ReanyyB')
     , (114, 'nqeoLhDdTj', 'ADqPWC3svsHQSaXbgprh9KCyO hKHfikEE83eFaBzt2vG9MfD7')
     , (115, 'qapDgtBqzA', 'jcnjoNCjxrazDIBa1I7  DW6YI2RXCmYoEDNbaATRjDSdajXD8')
     , (116, 'TIZyihUADu', 'xFe3lVx0rbjuR8xB5TVA6d6uWCb4oTxjBQZfsNUfexwyJV24zg')
     , (117, 'QvNPGjiTgA', 'k8zCYyfLQGIAzVunr7Muvi8gH U8eYiMTn2OlNCRF65OJo8B4Z')
     , (118, 'WHqgGcsOVH', 'sG5DZQNlx7k8OY6nIVMwvTqPS1OmmbMSRpoOZWgdV7ybZzTwve')
     , (119, 'JFnYBXkOQc', 'dXkiq2gG2MxXD3o1OPHF1 004hQwzqBZPSzEFD yNyyJWgvT2y')
     , (120, 'PNJOqEAkhR', 'jyUE1fbEvYK8CfZUanpO0EUko0lLrD7an4d6xkUHs pVzfoleH')
     , (121, 'npPcpcuJlq', 'R1ZcIjy8mhvYWs5Y0FuY1sRQoGnURFd1KJuXMudugUBE qlxWM')
     , (122, 'JTUkBGZtTz', '7qnJbKE5RI27VYFwOQBqkS6vKx1UfoFTs3onYIqPNSTH9zKm82')
     , (123, 'yhVNGvhXcz', '5Pn71184v44jjzRvFGZ4NSfLK7Glc6GwDToQB7uxfDjGkFphyt')
     , (124, 'BmrhdxHmqW', 'dBeEB2Uq3SpPhrfQUdHDj35FYXNBSkr6CRZJGmwKKPmY2c0XUn')
     , (125, 'yauLLKyzdG', 'NsfDwm5TDSOjzToCfBx2N E2WSbv09lJX CeqirPy CtioEJS3')
     , (126, 'gcbTcUsbCg', 'oqHTm75AJJYQlbVNYxrPrZTaZE6SC9Sf440F DR7O8GjQOLMfj')
     , (127, 'KGxsAkworQ', 'ymHtuGKossIL FcQ7S45gn4TQEQ4IkshyM4WqjVijAE7kr1tlP')
     , (128, 'koRbmbdASR', 'KcsqYI2tGFOlcxcKfjDqX6BaWjuKzz6tUAyPI3I9xkZSKaMCDH')
     , (129, 'owxekiOhKi', 'l7rrb7unZmgKFsdhAapbPArpRPxuRskYxQxIUOup82YNYK5S8q')
     , (130, 'DtbXNzljJB', 'BwIprjeZJzklIoJnCCEZzW3FlCMXgq OzgaQ38a8tSdFmYHxcG')
     , (131, 'PxDqWGpevm', 'D 8atD9vG3N6NfkYll3eQDMAgTNnmCRPBZYpnxj613k9ZSQvu1')
     , (132, 'mgJhYyILFA', 'Gy1rOPbinZ Rs9lhsaEM1mjzQ0EqbpMlBJlg0Omm6vMlYoSvFf')
     , (133, 'dxIPvFZrYA', 'luVCTQUgGOxoTBIT09WnXWtkl4RUasxftEdMFHFnmLvzQx1ghn')
     , (134, 'FUhfrKRiQO', 'fJEeUaJ5bRUGegxhFtrK72nFsPecZtzF D0Aw9ebQaFLjfqcEb')
     , (135, 'WCKZRhxHur', 'SsuIyq123wMXsv8wRvQfrVWHQ8nyQ4xwOeUc9zqo43qp2zGuat')
     , (136, 'XduieQssTG', 'v8PMyIqbYlEzcwbopeUZn3sPkXq9zxn30en4XMIS970w8FIx3i')
     , (137, 'KVwgSECvrF', 'FiTAzI88XmFEN6o3QH2Qr5xq8cVB038DA44VxWRftNMhWFbFYY')
     , (138, 'RFsjVuKjlD', 'IncjumFjPicAz50yWe8iZFNqZQMkphlfOHnDDSvSFjyI9RNeol')
     , (139, 'FzvTqLozmm', '7 HBfYL HvxMqhTW8Wh6hks9TPUESZ84hkOtgMP0a0PZ1dd1Vf')
     , (140, 'usAcKdzyqm', 'ukRibtUb4eE7Y4JyJq6pzTPJEiPVcV6djTL8gOiCmSNWYr N7O')
     , (141, 'VlcjDguRAv', 'MGYSdiiD2A 4A2GO5CdeBFTGVg2a7pJ0nmYSsYROqTIuKDOBi6')
     , (142, 'nUaNnQcBXH', '0fAJ lPEHkfqUReDJRavLroSVYqapLaF0BAbhGkSsG8YF ES8K')
     , (143, 'PJahMEWSOz', '7pKNJQmkoqhoeiFw8IYtCkFx84EIOV2 yirN7tA3HBvl56WGZj')
     , (144, 'xraByOxvoV', 'GHO6gHmBsUa6iD1e58qBvg6LZPqJ74gdvWGD9EihPIyy5ZSiKE')
     , (145, 'ljffajhvgw', '5IWKqKqMlGFr5XoytX KwfGsbYyS XzRLPxuoMuUvVwy4jXYcv')
     , (146, 'VKeDSUepsJ', 'MkSDGho0nAYe59yvdLoz rxFNX GuzCKPQzTBUyRQQ35xhZi5i')
     , (147, 'EUqgcfWHxY', 'ljgDTRemb5l3NrJGJES2lbYAkJ98vc7g3WH145mANwBlLbaT7t')
     , (148, 'vZXDucMXeq', 'Sby Yoeqc4wdI3RlPk2rXJbhbR54idVNeVnhkO21Gj83YeCvSC')
     , (149, 'mdpBxQUNiH', 'buuC2KJgEZT9rbRMcY5lj8TRg2xa2fMHCNkcobAuacyWbKVaiw')
     , (150, 'EWTStMpDMp', 'UOese2WyjADFiRwBGATqemD0D 3gNdxvUDI7XN4KSYyETdOJ5M')
     , (151, 'kOvYHqKtrU', 'KEfG6rUZulcHo24bGNrM0S8Phq77qOajsKuc7MaogjpGrcXfPh')
     , (152, 'SHFZYCclNw', 'RAuNZ5leBWq4kv XZXKbVY5Im4h4ZK gA8OdSNZHVeE8CmmtWm')
     , (153, 'XYfJcYXAph', 'TuzfvBmdaQiuikCWRPtIuB8fsa6WaWr9zt1CHM4LI7olfSXaZM')
     , (154, 'XXnQaSrkZw', '7gnzf0BCUULPQf1XEuw6rhRhCndLg 6oSjtDc3gn0LOMlBHScy')
     , (155, 'nXdUWmscIL', 'oOObggODJhl xm35q0WKeKnZXeS0Q4wJUvuKmjJnZLCMDshYBh')
     , (156, 'eeTrwCscFG', 'EShsECOLTMqocyTo2F0WT3SJ5uFPOYkDAYJbkRTMx42YiEsBKE')
     , (157, 'KQuxIjwPTK', 'G8k4spIgDZ6tCw9vstdkud8 z3TXquJ6ozcqxVKtxuLwFxDXfN')
     , (158, 'PVSSsQYxug', 'is1QeppcXvpBSzdCBCYdgZEczjWLSv1KsERDOKmvJSWrmt2JQt')
     , (159, 'JzxeTEBcGK', '8ogSi5Z7Ch1hL JIxqJ8rCs0ZDocVCmSfN8pRcV4P3rD3pnYmR')
     , (160, 'CImngXLeBc', '7RYRxbtXrse612JR8ad1vFD snfsvB haOPfPZpiPNcEGbmI1s')
     , (161, 'uESGodFcyg', 'pqZf1c1w4Cw4eCtg1b23auulbnNjjvR57NEc4o7c6oC59keEhC')
     , (162, 'znqzaRqgze', ' VUmSpuTLksbTnWjCuqe81Lu6Y86Ek3zyg7NF57ntmxCRv6l5K')
     , (163, 'StoFlEwrBO', 'XB648ds7D8Kwn2CbfHFs tq7ktKBvXDXAQBNIfaWNDZUHgA7L2')
     , (164, 'WfweyaGvdP', 'USqNjE9VJClQDB6KQpZDi90cyyawZXqTnm2LvWbq 1vWF36V50')
     , (165, 'qAcJEsrnmG', '8GxU0vMa8Sa6iKkWZqJcreL9lBkAEiXQbATPBS20aeGkx32h9j')
     , (166, 'OAqlYPaWDr', 'fDsiGyfLY33rjgiegrZyDlpxcs0SC4uzwPJL yKp5rpW9R 1Gi')
     , (167, 'JjrZowDkHL', 'DkjKDrZ08mDMsYaQ3efdxp9WWX6Akx3oDROiEEMsd7D92H2pOG')
     , (168, 'TRFTOyBirn', 'bNXbaytkw BMUxdYPZOlewS4dd46XCXTwZ j51f2ccXz778oYs')
     , (169, 'PtaACzWsta', 'AIqBFOKl57eIzfQnK6AAkHlZPnid9bya2Fci8rwyUvzlrgk4bw')
     , (170, 'dhVEzHGXVf', 'rhoVKKfrG Hx2O3v3VSs6alXfcEWD4XLPXjbeJnh3g5zLLp41u')
     , (171, 'VhOyGHaRQT', 'KdID1PRIhFVBVoCr4HaEABTjLakrIS 5WncBRUnsVpqOuly2Iu')
     , (172, 'HjEZVvTcQs', 'XKXFZ4lBMIJhr2mQ4eMr5PE8BSHaRZ7aXZqsgyHhNWM2N4yCbz')
     , (173, 'NEicHsHcrM', '9Cb5RMTKMgGxvmCgMFHLnUtNNBg1BmBy96sqf9BUBQugfMbNTy')
     , (174, 'dJbYWpJBln', 'ULaq95AB7Nieuqv0M6IPbPxiLfBohTKaEi8mfVsCBuYHVJqlUZ')
     , (175, 'VtefHXyusL', 'YsqIVFITTyFDswIoLIhEfOP04rjx5mmPOhKbf5KBIsoQWL7lpL')
     , (176, 'dNncsDyOOH', '4QiZGPMQaqomIvC lD6px7vhLUgTtzOXoD2SK9hdaoPW1Mp8lD')
     , (177, 'lSIPRqxeGL', '5rwiKCyLNWPuxPo5 GNs6CkEMSsgh2teu8p7nCdV4wQGIunOem')
     , (178, 'trUMIkCeWf', 'ZVmLatNXLyCv2FU6vZT4iyKxC1fGnCYSD4 nfMugtXPn KYraW')
     , (179, 'fAIyzsJIdI', 'XXkLu8TZBAC2qc4bIvkqggWkoEFpCG dJYJICxAM QTEU9rzon')
     , (180, 'ydaQRNFpup', 'M2ARxjXNyclPSn9 lq3WkeM3RBsjbfbeQN2ZWsyfTAt0GwgYqV')
     , (181, 'TqomyTQHLT', 'njedyQj3Ahp4ufbGRwhjO bfYJOlfFNp fMAj6FhUAuAHFFobs')
     , (182, 'YUgsbfDSud', 'JO9YD2mc3xZVVH7yvZNJNxoD4dFM90Z3IbdT0IO4Xxy X0CgxS')
     , (183, 'LtFmPuhuqr', 'KEt6quQAsvtLsEGIpQA1cE8wdhyUqdXo5SCPHcwbIorgq9 h1x')
     , (184, 'nWCXYMySUV', 'HEvngUvPNNmscNjEikF0SeMFyvvBSKHOltUDXw4VDJRr9EBa6G')
     , (185, 'oYbtfQeuav', 'y3VCD2e9shbE8QC9MjYdUI8vpqfEKvgaOs92lBWc3EoKkLbwnI')
     , (186, 'TTNAdOvgPU', 'zXwJ7tgF2s3MPTQg5fjOI9HYy5l8KTpFPl5P pg9Vnac6WxubY')
     , (187, 'gshjLBkEQm', 'MCfPWUE 1NZX91blINoT3xGJFgurWsabslLoaeeZaCBnP 5fHR')
     , (188, 'oeXIHPbfgp', 'ID6CAMjiOad3zY0 6N6Q6PZ567qiCxepZGL1I P78ROmrCLLs1')
     , (189, 'PeyxBdCEFq', 'AP5ivAwU0kI zsZneF7XaqLblQbvXh8HvZRPfL4yHBK2gYjHf2')
     , (190, 'ROfYfzpLoB', '7nhrVH6JDEuSUMGJM9K2ns1hCyhg1NTpot5WM642NLZrjVKZLo')
     , (191, 'nDVoVAKixP', '2DvUPZiGKBMe4cvn RWHfiIuIk9m6gkXGzkhCDzcAgimySaAH6')
     , (192, 'ZVAFqUNtfQ', 'R7KMA p4pyYqdqxTyevqmZWT suchk4hOtqQPf4IFfy1AUocRz')
     , (193, 'BsSShNAEwn', 'I Xu6fHrh8pfUYKzokwTAp3zQ3o8Sm1JipxfEvdC5nI3DIeFbN')
     , (194, 'JNrHNOMZns', '537AQSBFoIYOY9Q6DTF8vftNUOb2AOy8N4qPtczpwFVufBairV')
     , (195, 'yGjsKLSoFZ', 'EZl6RUJRzsRn1ulovpdbmKlQdoPPVGxR2vFYx5eYBMNyMAzbbu')
     , (196, 'cBLpQtWyAf', 'YkxZI0DW2SUyo4jEwc2e16G6MU90h19UFY2EwLdtGc 6ysa bH')
     , (197, 'YMuPgjJyhY', 'ZYcbCmlqy7whnzgOT8I7howvTHvVEEXnKFQZ884E Exs5vo5Q8')
     , (198, 'jFxuXeWVtl', 'kVwxQA8ilZZ2HadK5zsW2ghz 26G49TYCVKUv28Hj6ZLfUB9KF')
     , (199, 'SNDlqBQDab', '0HJoQ9hxLAWbcfMmumOMWY7h2MOb9r9KZ37M34jpZCvVz06Te8')
     , (200, 'UxYEjHHNTz', 'GOWVJZzMlBDhQ2Csu4OahPDqezxVz0noGW12jKVvIEG2uY4gng')
     , (201, 'WMvvqGxfGJ', 'eqFouvmOGbGjmtsgpNdiZzzDUiblodJhHAY5GeqZuCyD43ElGn')
     , (202, 'DhgOxxLLaC', 'nAi0NeQpQGHTEmCSFytDWqWLXXYJP0p08HUNxrr06cdDPjHEX4')
     , (203, 'QjljVPUbDh', 'hPlf9  sRB3MGf8 1bt8fZ5ZP3CYARZutiISCNPclkMDzM43wf')
     , (204, 'SzvnprUZHY', 'UWd0Fb6Pam9SLAuVJyeuFhVJKOOLfvVEqNblbpbL5aHwiUX0mX')
     , (205, 'rApbYawmfW', '1H ja QAJYJ7tct1m93WdKcj83eray82VKO6xvL9UgBLhENIIr')
     , (206, 'HJsAvbczLJ', 'uBENWuBsgoUs6SQ2NsXYZklqUgP2iYqVwOZAfpKYBmi5U00RAf')
     , (207, 'NxGyzoziih', 'b7oHUu UR37sm1CeOBgncWmS4fSKn4dVvrzf0Eanc7kGftkC4e')
     , (208, 'uTMMkgVwru', 'GEI1SIVwBHy9y0UXVfOej1mrvE4aT9p9o2G876FgfOZzBDYUXP')
     , (209, 'tAPDIUNiZX', 'O9Q3OUYrsPZqCuYxWhEcU3Seb661yPPhzkhZDg7R6HmoGPXmxE')
     , (210, 'bXEUmpygBS', 'DU8susMA1XQPdcuqtpreYTCuebT3fiw2I5Bay rlYuBqthwABB')
     , (211, 'UkgvpiDkjQ', 'M45h18iH5r2o5zmg88NRfJXMQRibukVTNJGEEnarurJFH7oUSZ')
     , (212, 'QVDQGyvfPG', 'VHUoEOSUVLN4O6hQ9LNesTauLLjmuQeM1u6zycGC7bz4Rm8tvC')
     , (213, 'iibzRSctlF', 'uLsPZyhag 4Eu278cB3x2vgsy3nxX3V3tHj7oE82 5peemIFMX')
     , (214, 'XVeAIYXfXL', 'nVLk8nbSGZQ9R9Y3dmdFKgmCJSBYVn16K8kLwZMjnI9b2x80bU')
     , (215, 'NROKReChBV', 'bGv6o6MThTTRP2xwQn4gOIrWaHWF3jR0IVhUj2QVT8jQQtoK3K')
     , (216, 'KqidHkitbl', '7G6Bef7lZfTtURMS2VHOKktXvIT0swiKgYE6pSGxqxQqekJoT7')
     , (217, 'zMhGoVXVUm', 'q6yLK aQxdam99ODjF32pPox2 qTw rRgSgmQTyk76HXLM8Y4S')
     , (218, 'eKesflkSIw', 'U6qr3tX7VlWIw0JjUsDg5IAqAOpbaOCccM8eCTJz5GTYjRv8X3')
     , (219, 'zCfdUMIgHB', 'NZ8wPI46s3HGHr7GlmLrzKRhk5UCvte5avm DxE2a0ksTC5ETk')
     , (220, 'mMdkFdfwBy', '5I CQCDQotdC56btc cy5WHj9PUP91ilaaan2Id2Y3fOIIhWNz')
     , (221, 'heXRIvjBZq', '0A8CIVpFApUULZg3wsAOSfV321cHOyJNPLLbDP SNa8JHg2IA8')
     , (222, 'lwckebmNdJ', 'juU1STNzY4Px1SgagMY7SR1zcTdKHnEvWZ3RdU7Q8eM9mbfqhQ')
     , (223, 'pqqFbvvPoh', 'bK aRkql5pWnTQZtOhY3nUeCEP8UCNDqaG6WCcSNWuA44QnDu8')
     , (224, 'LbLNupYleB', 'uBtFiJ ny iTPixHotMNSGeQxitr36nBQkL5jNW3NmAyAHsiM3')
     , (225, 'UTzsgwaXtw', 'Ic0TUIIoa2ekZpwOkmCk31kVVJCgh2EhdbCVGKlrtddJA0UtjU')
     , (226, 'ntfAZtgRTr', 'dxP1UB yx3PiIG2JYCFi2F9RPM2PG6kc3l4S2lUP8KUdCpXauM')
     , (227, 'dXuDurwNlx', 'AG8X3Hlo1ZunwuOsbDNYQfwbDKirbbaX2Sl2p16lBQUDGo2yQi')
     , (228, 'yWXNkpTRXD', 'hWvcg3FWt5omtSoBCGWGDZrSL5xSJOt7fN9BFftUyfuZCE4eXH')
     , (229, 'SQYUAfWEZD', 'KAhM1uoruGYzSJyKcgXI67iqur3Wd8GU 1eLeit4NFiXNBoOeV')
     , (230, 'UuRbsXBQGK', 'bZaeRL2eI8lO1Il KlT9 2W65IDmIJ2aNjP2AfE0Nsh4 QmnYY')
     , (231, 'aWIGOVibuv', 'WqMynfWBR7kdSNWVNY0eykNbPJElkI4miHmPyt4UaVohxZhmdn')
     , (232, 'QzemVKireg', 'RfJ6EGVjlVomdXZ4XTg0Lnbk9cXwYGwxlcOWdGO6FNLgvt75pr')
     , (233, 'pLsnHfRFUM', 'yIX6On9ezjMRnPubPYmAm3OGpEAZ3bk4JSBt2e8Q6vC6kbGplR')
     , (234, 'gudBfuhzKB', 'ofL2lgAS6pMZyZ9MP4js4FZywmJe2AX349hbSU05GdKo8SRAsC')
     , (235, 'wmrNalEfNE', 'yYH7hR zPyPmFFmKoiksns6xCISawK4WWvxHAqqCCJejDa8OJS')
     , (236, 'RdhdMFmHES', '1r0McD 0XGkA0foOcw5OMvEewROww0f gv5NQ6iiD950UjDJtj')
     , (237, 'GxeNYSYzpT', 'lXsOm8PHM35xLFDVfaGLfMB7kExY5YaEPOa9sbyWYA3Wux6YpS')
     , (238, 'VTYcWtYxAT', 'qO9bAWENxVkJI2G0Ql1VK5WZ5G7UaJubyNcfvql ZFEu dtuB5')
     , (239, 'EHTDPcBBbq', 'S0MHzONyiDi4GXYCpTqTVoilfLZqniMbz88mkhhLhWEPID0S2x')
     , (240, 'AwPwXKrNZB', '6Ypspi8j0NEtBDGcEv0N07kyql rMuOfladZm NGTDYGP2dnQI')
     , (241, 'VTvbqcbpBH', 'dHRIEswAjLE0Jcq3EEMIQzEC1d0F75M7nQZABfAV21heniza86')
     , (242, 'YanRNLkxDt', 'sQWdcF0e0CLjq9yAxTO5Ih2wg4veXH5ws Gqz1exabvmgEt25J')
     , (243, 'rnxNbIQMsd', 'dWTHXtSvNZT7QEKFfdY2UTuFqil7wediif36QSx3H04T24GJtb')
     , (244, 'nySoFTiHXC', 'I272uQv35hPS9 fj4v2lS3roMrQuMdeYfmUxDEthdfCWQ kMRq')
     , (245, 'QFgfGFhelF', 'uYoUyRStsKAXjNmomOdGkfu19XfWdfaaliKXGJ BfZ6K0884aF')
     , (246, 'dIrohYAyid', 'SLxxhqM1zwrl0IBEKkrnWknZ1cUfoCqXs9zVxtDEHFSpuMSol4')
     , (247, 'HNTFivsdgy', 'WBTfFYRNQ0tI86JLDvzU7vONC92BnAkKw3hqGoyYXBKYXjdbWB')
     , (248, 'rOVBovVaPU', 'eUkwK gcSCTrt7QH45mkTlaZeAZvgPFbub6KZk  qTeGB0n Ky')
     , (249, 'KcrNtqMIYk', ' 0hNIroHTIt9mHceowcHNmVJm3RRM13uVQNAPvXwGHuEaoQZOc')
     , (250, 'LdRIRETFBj', 'm82pCtl8UsthT2lksUf4dClLSF4oOI0dqbhjxZZSZbqcKtQ96X')
     , (251, 'SjAnLVYKlj', 'VYXD2TNto7OxlbAp1V3zV6VxzavRT0fqQY9oHusDk2VRFYAFR3')
     , (252, 'HQxrVzrKNg', 'II2UXSKRm5y I13ekDi63rN8zpRsVlokdFyVPcEREZ3Hf59vIW')
     , (253, 'xZZtZOnOXT', '8pDH29S2RJTHqXAy yCRC Jo6G9QiNQIJ20BPxSJ mO242SSYS')
     , (254, 'pNNRRutuMB', '5rparMSCAg mXZv8lQRcDdZsYGfUdESjh7cFq11dlvYuD1VZiB')
     , (255, 'XInQJRWTMj', '6ep2qLmifbzJaccZ260WkxL s2srVgTWm0P52ZucnMehSOR7rD')
     , (256, 'AFVPBkZOhq', '41heUvTwUIO7VztMJmf1xovjxBNwTnU8JIUWa3Fzt5VHHAMjfz')
     , (257, 'JmtWzIbfuF', 'OKBVW6VNd7Ghn7b7dAy DpencHqpTuuPH7Pu7Fs qTr1p1hY9X')
     , (258, 'NTPmHvWniD', 'ykyfd9Af5lv8aeJKY2auBlcyP4inMKTlMVKAvmS6Kj3xZvp8oU')
     , (259, 'kErQALVbYM', 'ZNGZyflwo2zLWkCcaZnHDQ0R6rbddPXh7IH9Z46QmwzIINL51q')
     , (260, 'nHSmbnmzWC', '2KmaIbsBT39B 3OeFSd6jQ07PwqYF2CTiMlhggssnO3iFFz4gJ')
     , (261, 'dAgTBrlNgs', '09nT8ng3o3suyXDDhUTUgIkRoxnhjnIAOXCQQSek NMKIHDwzS')
     , (262, 'NkfKeTcdfL', 'HJN2VwfDoMAqP7sDSRp4j8sTo1AY6pASkz0HLf6bXkY73SYjGd')
     , (263, 'iIYgdBhCfj', '5fstt0G5VnU4uHHimDTTkp8q0iVdCrqJLGX7x23fMjKGzxtrRy')
     , (264, 'vIYHtikdtF', '7hRi8eXS8HsJLViXEbVJS 5FBezRpVSMHTAswRHXYQiwReXDMH')
     , (265, 'kFvZUAezEZ', 'sCC3 Zz0ZDNGBeTbVcUO5iGI5rMrVCvNsyXXKex3i40dXD4ueM')
     , (266, 'UrFJySJOjI', 'Yirkx4jzIWh5zaNU2VOcFZwlpXPVNbMCmU uYJNQnxbJrm6tpD')
     , (267, 'RLChCdGuGv', 'u6AWS2XOxH9uwlsz v3EYeCNmGq5bILjRFYJvedEKIUePpCfiS')
     , (268, 'HroDsjDMxy', 'hSOQKaM4FzuF0RvHTKYhK8g8TdtX6ExNpzuNawvuxhydRN4GBc')
     , (269, 'wHNARRJxyj', 'yVTGHaOYndLqphQBuTQ7HejUNkTjm2K1sd5KkLO5YY9P2 rboj')
     , (270, 'TTPpDHhXEJ', 'mkRGfAJhC0vY bFHBc9PyHvbUKFFge8kNtLZ4Ulp37ZgDO1a08')
     , (271, 'UxuOycoBOB', 'aBK68gXOpCdnFLoB fDiCmJVrcQGC5WSun3FJoE11rw0dmB5Kx')
     , (272, 'qUaYpCiUHU', 'usbDxyqGwhWuqm5Hg5UJ60JcFNNDzw5tJ4rx7t2PgysNgilnwF')
     , (273, 'PKxwXlpeSa', 'kMsvPkM9ToFofaeugZ7 rWVYWQXePL5GpcKCk2jwXjVi2a4bkO')
     , (274, 'ImKEuaAfSn', 'au6nwVnc3Uy4I15evr1kjXybOGEdfaVW 0yPJDmqa2cc4WgRmL')
     , (275, 'LZhhwjiAoj', '91V4klGDWYAUcUm4JnuMwZAzNVsv6NbJFgZNAm Q2O2zs9mRqO')
     , (276, 'YPgzocjJek', 'kiwP5Wic8zci6UzFHFHgUSYIhF1hk6hcaPt01qOsejE0E7r18h')
     , (277, 'KYuBDzuvye', 'ZUddGM GdeKL07cJaN5DMt8HfoiL9ZUJNFB6NOOxe2SxSHbkP3')
     , (278, 'sderllircE', 'HmLAtFYBGDjXDjPJdyhQvo4Fk akCcJ7TJBxAN SNZeqbdyMXG')
     , (279, 'ehALKIvvDM', 'mbuldADxDT9ppVVozsPMZhzdRO2j4HsQF84rXTylumcqx8ziEi')
     , (280, 'pctVbabWlK', 'mPIglnZt3QbLHPUDbTpqmyN6pEnW7jELViT9iCAXi2PuLDeT5i')
     , (281, 'BZHUvJpfbS', 'zZNKgfOYCXIeTdPk1KgkqzEIXGHIa5of8M1SyrV1ICocnN7AAl')
     , (282, 'ZLSAyGdppQ', 'GlWmkDTuY7YngtzQ6V7ZKHzg58O6Vr6mZPGUKeivEgYQu yOCf')
     , (283, 'YFVWRYBtWS', 'J6Grz7bTiNRVayc5p3jNMEBDUQY5Ns1S0AOCYYWYJBV2XoJaWs')
     , (284, 'dkAkbkvITA', 'rdKTFigXodww2H IzUzimlu16lF0oUOCNdUJ6SfXtxKX 9VyoR')
     , (285, 'FbihuVbJxO', 'oJeFgZoBpmmr7wSiM1KBcSpxI7AJdKYlsCzDJklbDmk8w PDvm')
     , (286, 'wMoTwyhWCt', 'lwz4JNBLsN9w3hmPTFn0ce2PFG7nw70V9oaj5wrfJWOePaE J5')
     , (287, 'fvHLoOCGkS', 'wjSTYZg5qmSU1jfZUbaSIp91gnvdgLnAvw0J8iyMXSHh3Hf0jc')
     , (288, 'cVFJRumIEg', 'txTg1NNFoj P8VbF1aBnmAWKeO9E9NQypb3zgXaexWbCriK5CG')
     , (289, 'qxlcGqYHwj', '1JR2rcDe93RNSfcR7WSbDgSXTNch8dhs4fDIeUanTUwOsubjqq')
     , (290, 'NtxfZBvIfO', 'qH74d2O7nu6dqy9yuYyb19S4cU6o78IkhfWItprftWe5Toufaf')
     , (291, 'ZNbYgLINUJ', '3AqZuVGY1Y3HTJovE0TiIUCIWYEYea rkU yTIHLf6lP4T4JQ ')
     , (292, 'rMhWbskLFG', 'hr0M0eK7U74xEF1kIQkrFeaTUVJH5hkA6YzRiRGTCUziH S6p9')
     , (293, 'ZSHZQwaVIs', 'TFBefqsnN9sYuRNLHo86Qd07hFhK5WyNFcoJbouthWCtbxka60')
     , (294, 'HaGEFbhHtA', 'GQn5CX14Kg5wSVS3NKwAbuZhFa4Ixr7vWiS0xXCM3BerXCe5iV')
     , (295, 'ltKIrECyAH', 'fHFelOTQANZK6BHthXZ e9eIqbtcSvCECamAW wB43pLMvMhjd')
     , (296, 'TdUqIRysFY', 'kqd irRvGMuwLbIWXoWfE1pKyxwwNBQTOIaEPmtBIYNOXbsiZ4')
     , (297, 'WImkGvqUcG', 'qO0PQDn70jcA60vBD3sl51bsd97tkxDBBdb6Zx 73L40ObqZ29')
     , (298, 'XWwlqnRUjO', 'huNg1k3fUAkAdzk5rvha6cflhvfa6ShLRmijdfipfgeD5qYwmf')
     , (299, 'BYLrJhBkku', 'dW bHHCbmKe0ZcGBFDZndYm52JLUh6Fr3cbpjpiuy2ppSw tmH')
     , (300, 'wYwJECdotu', 'w1pl6sibJ5mIalWZYqEuFKyN8ipEObd7WaTaW0JzE4gLrElgUH')
     , (301, 'smHmWDkIpp', 'w1TjV7Qr8ednLueQ0Hwgwtqb9chzcrIFQ66YW8NPcUiXv9Hmop')
     , (302, 'NApMmJRYKh', 'bPiByYZWMF6aN8EV2rvHCup3gMx9WYkklHdAr4hYVTRmEwq7WH')
     , (303, 'yDMVBdpLJw', 'g5nP4yo4YrBg3fQgxTTxJLFUwcV0bC64Xd IO8mi3sZo2yTjY9')
     , (304, 'xlraKAJlGe', 'EqilFl8GgvPkaLBUKwJU3ACXBBEhUSH2fRBtimvV1XgfqC24LL')
     , (305, 'fIThRkmavJ', '8aE6RHpvJIWlNxEzaVpoSqkvMn0CzR6EXz4VSrThKxt9II bC8')
     , (306, 'OqBiJUYCyH', 'WR6oHKC2jhHLAuwfYFxJxwnKGn4n3JoPxjqwZKkBwZ5s6vXzTY')
     , (307, 'hSEMcOaWxJ', 'CxhAYUmQQH8tmo6pPWAqaICBYRMUG7vJucbrNCujCjil2hgJua')
     , (308, 'UCjhZpyDlU', 'drgIGBOTJqVE3zjqbYdE3dm4RtlSOCKCk5dDLCYksKhw7CkliG')
     , (309, 'fRFZAFPqcj', ' f29nudp2xjcaSSYZUEUHn5DLZWX4AzVRCwMTm8FWMB4IOPE96')
     , (310, 'NyutCxbdrn', 'qevs1xN37JbceLvE8yzItzGKCtKlv9jLgtOEHALFwlhKb92zeP')
     , (311, 'TITTDyVWof', 'WYwGvsF Ew PC dKb1bmxIrNl7wTPof7UPVfvev0kpS5VUuAnM')
     , (312, 'eWnVWZKCsX', 'Izxmjtnk8RSeZeWEoqmIpAgVeKtX3YGRXDuAcsUxsOjKtNOeNU')
     , (313, 'oxlLiMskPB', 'GKhZsxXSaS6WmqnYKGLdpBmpUHHSDqX1gOij13qFmEG8QDrxwt')
     , (314, 'mQzEMMNBvB', 'BlGXALWvEh59rAcFg5JeVLWHEmJjscz bAZwxq1LfmHg9o6aGu')
     , (315, 'kqLZLOLmUT', 'R5A1BlCNVZfJzgwJW3kH2t8FOb0dGmwBZUlBB2LCf v2jz9ksV')
     , (316, 'ucTcXVXipH', '7TH pyiY0 xIMtLZ1OSqVLHTmUBhciUuzmwBVGwKcvcSCG9gzj')
     , (317, 'iBnLfwkiuy', 'j nYWWMx 2RqA 67a11czfMql53lYkAj99 h8Gl2ZuKQuaoK8m')
     , (318, 'eTTPiEbixx', 'xNW7P8xrhG6kiak6Oa7UbPcHadIltFd2RjBbqZECvtQTgm TE8')
     , (319, 'zROYfmDFwK', 'GhCvzO  GY1mzRULEyUeuvEsH2i5Aq2YP3lBDkwG1MteNdSaJ4')
     , (320, 'fXwPkJdKqY', 'Bxw2mWG0nVrKzbA8MQXxTbRLb6BygdajAEczYsOyl3GS6cxTYg')
     , (321, 'HGgQeFoHns', 'wR8BirKoMrabiujPWeK09HFMioaIbdYa h2ixmE71uE9Sbah4r')
     , (322, 'wXHbZaUnHc', 'Sw51SXKdg0ZsmFnqCWu58WlG3RbvwaGFA7i78QgxNbL Wmyfqz')
     , (323, 'FmbqnQkFDk', 'Wdf3HuoiqWq18I8hNIoPVKN1jXBnvzxJYTg1uFIJiwU4MOgzSf')
     , (324, 'OlpnixNaHM', 'nF9Tx2TVHa7Dfbg9mdKzc1PAtGctxYeU8Qpfo3L9yAjPFIg62b')
     , (325, 'uvMbfIQFPz', 'y 1JLLCAhHvII52O0Yqs4PP0TVIfEJ8RvHZ6y1657MG9C4TzDx')
     , (326, 'uvWZgLCTns', 'KvQnMlKYqvv7zZOTi805bI kPvaS6L3Qh zDCOxiGirC92Fo14')
     , (327, 'qLxggZyKKQ', 'cchjExEv7rhLrj00zRjHlPGLhIWm1Bths6uldpvjunaz7VapQo')
     , (328, 'DztqYUnlnQ', '7 mwqN3I5R4v0BL0n7N45pDy0LIVNfglC ppVspQ8npt9xtNN5')
     , (329, 'hbyYASgwPx', '07TCwLGzz5dcF55zcps42Wbl LGOJlvhXcHCUKGiGtYoPGMvIN')
     , (330, 'NByaNupjfl', 'YPEadObqLVwoCgCjbpURQJRwSdEdeuKI0UXm3aP6WtSNkFJ e0')
     , (331, 'tLutNkHRgf', 'AOEZnOFTCTLePkZI5dbGggiVBWRvBFmN2 7s6ImwF3KBL7gnQj')
     , (332, 'duOGQvSpKZ', '3slLWZWRtJmlOXEUUSOisN8teJ75OkgBC7V9oH5p0BgXL6kNhn')
     , (333, 'ZRkAJNpQed', 'qS7oPJjBRSb8r 2JqQZSkrViz5EBt gityqm1GeKAofQmCVqZK')
     , (334, 'rkCUapsWIl', 'da5YYRQX83rYCqbrXLoredsv lVBS2Eu6v05p xLMJowROrR83')
     , (335, 'uMCTpFvEHm', 'wfUUhf54RLUnNvNqi0PoKXEHnBRKet7pCaigFw9SNUUpRvYaDc')
     , (336, 'UPAqUZNdmS', 'fFCQRXVASlewTV8j64pvBDUFrywsvBBwQoXCZHYIE7kjc0vl8Z')
     , (337, 'AlEnumxjpa', 'KW3J1mW4zWqeYp3tHedo5YeLoooCTWIBjiI351kHw4NSCHptp9')
     , (338, 'YdUIQyiejG', '1HgUzzcL0MwSbFZ 2NdHQQqysVrVkIl7AhVS HCJgK5aV1xKwV')
     , (339, 'aKrAWtriBL', '0STP9Hy8pKh55O7yUZtFV673jFNG4px40t kgMIGUPNuYudTGt')
     , (340, 'LIilAFcsqj', 'ztbFgP62sbTDQumg3RLYa4VxDDZYxflsYRWZcDUTdvb82hNcpE')
     , (341, 'ZtQNfJVqEs', 'QfLYMj0mYUiwoUr1Oh0PsvreQnzZXwRhPlntdT9hLfN62Gp8Ci')
     , (342, 'hzhnxQmhvE', 'pd940e6L fJ2B7LW21LBG3RJ9tdj84f8nqgPwrMdsApMvdwQA3')
     , (343, 'MbTMORSBcP', 'TDn3GhXBAbcYIDie2rNxDvLQK4SPYC2gq8fRuyu7UAI6LqHvn9')
     , (344, 'JvcpOMnNsT', 'Ek3euAZLH1KXgLqtfsb4aSbtLJy6ddMk2H6LSQO7xWAb0GNT5j')
     , (345, 'wMJUWGDpxJ', 'IvPPWdkVbyKjtK4G2dDV nm5r5C2XfAvWvlWUksgYCIgSTA3Nq')
     , (346, 'DWzIoDmzoJ', 'G7A7wh jmc8PZ3nMnlLAps41l108Xhfvt79c1HIVACNnSCnJ7H')
     , (347, 'YQMEtZzVAm', '2832br9NbGFOq6QET9zI uR1ZpjBemzVNdpNbLzAUGKkdoLBwM')
     , (348, 'JBVLjukKUJ', '16inDz2JRuJY5pm9CjmVhRuvtXWYmpseabho1s2aqzbEsAkoah')
     , (349, 'YttmbmgpBP', '0HmtUhAz6enGaUKJq sI0bPeTemsykgu4TvcC89QbycRa4cJNt')
     , (350, 'eklfZmFdpN', '3aSJ8AKGXUq0OZbbos6Oer7WdtlUVNro1G sbvKxFr43X QxOh')
     , (351, 'sOkjKkvkmO', 'HxHNpT6Rjeg3S2GzjonHYS8oKZzsYmTOEOn9DDLjLrAR 8hzoD')
     , (352, 'nlscGYxKVt', 'wxcI71Dt4eSlwX8 KFlaQIoSfKrSal0st9k64x7TWvrhIYGIZZ')
     , (353, 'CgLmRuJhqS', 'ROkeTBP9phTDzCB e9R lNEmg0mmM3yg3ALz5VZYFefI6pD2fD')
     , (354, 'uTvuiSASaD', '2Seirfc7wnS1cVyGcroho4A7NDJCJfbg q5fXIFrtmbg BRUyH')
     , (355, 'LSDhtDUTlY', 'v2iSyd2AoaEV75ock1Qy1UT2XVtYeO9u8YXrp uWvWffaYWsAF')
     , (356, 'ISBgTHNJiJ', 'KuPVWWAMP59SuMhOqH02hJuohqSO6kr4PlrRAJ4oRFKPPqPs1i')
     , (357, 'fkRakaIOnt', '5QS7cwXeHMVvncsYMCCxprRW s3  OzkmnOB2c0nMGzhqv6So4')
     , (358, 'tRryKlnShR', 'PCAKKSqFmYyBJKDAB Lvy7A2 JGBG1uRBsWMvc8w9LvJAJjJ10')
     , (359, 'RFJgkJvSXX', 'vcGWBYOA96Inoi ZwcSdAufPshKhAVhCRKv2XGrVC uwnTL6xa')
     , (360, 'bKtiKcRmCU', 'QSUKeV2OO0 plcO6TJUDRGnlTm2sqF9Bd65eqnU6M4dloIc15h')
     , (361, 'zpudxRDImn', '2O2helf99skov4wldUjXzOj2tlnCX3sLPLJghHpbo Vqy0lkW4')
     , (362, 'JQJGGAuTKl', 'qsRFar2KoPPWXWXi9O7RhTflkB1QRQf2jXJK5VQ79E52Oa2cfU')
     , (363, 'LOFYaXFMDA', 'HUg2foEvHtWzZq9fNtfxFliuarynwTqMyOR9T2EVuLQ2i0Jf N')
     , (364, 'RNMlcOCuFc', 'HWICITSalBn8EIRrLzjgYotckTyCHXZ35h5WHQmICVOMBRak 0')
     , (365, 'gVTLJNaeQI', 'IEeWshNnGqICrBeuWDe9fyuOi23jD9nFSo73y5X05LhP9TpmhG')
     , (366, 'sJfiHXbGsU', 'JBW6qYUeVy1aGOWMGZhbQAIU9CPAoMlWuivp4akGT JKM9BPjI')
     , (367, 'UCYfrDxccn', 'xD1EnCYrMMJv7QihY6jPESUpkYYU3pLFJB93U6O2Y6mH9vRH3e')
     , (368, 'qgNMZVQXit', 'S4BuO8FQjwMHEE5UNyIsf0Rj5vo9VPBveQ1JX4YPW5J7uYto83')
     , (369, 'MkeMrrAZHx', ' zG9EVmKiuxZRjBeTW 1DTRvYFCEUXjzReD0qFRsCHEMsF8nEZ')
     , (370, 'BWGRLfxkbr', 'noj5hS2KfbOiAkhrQ e7nxsTm8slAzVSoNKFdkZNJR8NpaY6QA')
     , (371, 'OqYDtfcDnk', 'MgZVssstC BPJDPrXzWtojxbVY099raUZsJ2je8xfN18VJYwzP')
     , (372, 'dUISNiUeZg', '63lD3sybd3eYT2J223t0SlnJLlpaP4SjVgWt0ykilCze7tsEV ')
     , (373, 'vOkEbKwobv', 'ELJUlDwYb8PVj5UDdDPoLjNwwZoUAA 8XyGveaYclyMIB1nURx')
     , (374, 'IQLckNeGPo', '4wypENZBaQA175zs1tKMX9Qfd5MnLwzWNdzdUmtej8h3PRLJA0')
     , (375, 'zXlDOmlRlg', 'EIDsKKvdGki1cT 2jcVx g5eCegrdEwd4EZ6NufyXHVo9pmpsT')
     , (376, 'NkIsoUsPko', 'tlxdv1Eq9cDUr 6uN9M7TDM4ftjeJt2XtWnjKDpfOowzVCpNzI')
     , (377, 'uzBhvhliuQ', 'Z4 hdqjcU9GItPM01rOSqbZz5bAesmN90H9VnXa9BIwXsbyRH5')
     , (378, 'yFiCkZRsWS', '37FNvmZ8UCrqTDENUF6mKv0cAwZFnNtPvMh5JwjoUuVnPSpGHJ')
     , (379, 'hGxmLgWVHn', 'esHQeOlcz6MXZYCZl nmTrlpVQmLgvQMyub1jyMAkoETBTHjIk')
     , (380, 'JvAsTpbfZZ', 'juSCmsgDFP 3ATkHMe7PDFktWcbAr2AWJqaJiCuHP 3T8yBBoX')
     , (381, 'qxstRKkBWy', '81KQclIOm8ZE1YsOOz1kU61EzZSJLT7WrnCGAkKu0aW28wffo6')
     , (382, 'asIcReAYCt', 'IUf6fm9NePUkcpMJfL2CpxU Z9fZCofXWJNLq8GbDAGCMw3Vky')
     , (383, 'EPKvALREbb', 'NRqggL22UDYZpVnw MZXpCvA8DeMJNyReJ4GVNMFFEetVGkshR')
     , (384, 'zCxsIqrYRI', 'w2ZL487fLliqkGvdvjYZvVOyreKCur7Yix0axDc avlb4pIbil')
     , (385, 'JPYNuwCOKT', 'pctIzcHB3xj ylFM0rxeSweb EkEhTeMiXXBQduE8uhhue4TCX')
     , (386, 'BrepTgguMi', 'f9aGxNfolEoXLBae7Qu5FTWkfFropy0pFV667XAfbX9K9WX6Jt')
     , (387, 'wWaxaRDVny', 'QOlpXNGBUag2uOqQaMm76sA3FOQ EkYzfDjuswvfaMmuTA4o9E')
     , (388, 'AiXaQoQKgQ', 'DmsEtl3VHkHM9K29P3mQng3SNMblWfpmTGgUBiE5n4xQ koUuy')
     , (389, 'ZGwQuZZSBF', 'oL TEH1 Yr0yVxFANewLTjml3ML53d7WFNYPKSw20 w34G52q ')
     , (390, 'XsshSlyEUx', 'fsVkyOwGLzesRGi3RaDlvIpa0hCaIqt4iaoGlxFgXcyt3TT58q')
     , (391, 'SIcGQCsMjE', '4r6cEUX45M4TaiKppFgR9Dih9 3nyK9kEu5hhQpwOOqWJufjMZ')
     , (392, 'slydqDguDj', 'P9etfTecboR9ovr34tfyQhP1Tdp0Vbt2QzbyuDWkzG4QXmFlKs')
     , (393, 'HehVswMXrx', 'akIKc0a6gPdjWH9NO6FuBaoP575I XWcEqOGS2bg9WwbznoHrQ')
     , (394, 'gSpOniQhFw', 's7KKY08GhL vpyvqkDMANPl6toxeaQJ4vUOT6V4AZRBTpnkbXf')
     , (395, 'MjfItjaPyH', 'xP4AZDltRd0yD9V8uja3Q92ZetOmBLulsi91L4hPReW8f15QaV')
     , (396, 'glHMOEQIEi', 'pimO1JYTswaW1Io4iPFauVEoNuTVg6mwoo3bITHIAnqPtZlzxj')
     , (397, 'xwoqLBoEEZ', 'ksFMhkOv2oNuHUVkNU0Rz2u0Nh4TikVjGOmVhytcB555YS Kcx')
     , (398, 'pNeEyzkOZa', 'd6FiKPLqvDyd7jQE3vtcZ5ZZViFDtZGYGG6Ryl71jpOg8po269')
     , (399, 'gRyjHgAsQv', 'zwSEqrVNNZKaFNnojE1kgSSx3Gb1CnsnZ3UUhJBsS5kOF9OYC5')
     , (400, 'CsdNXPzZnS', 'iOEy5q4bmZWUgpjkUXztIOv4L4nWFSgCuKmcrHLNpYybWfUS9M')
     , (401, 'FJqodhCKZS', 'GAyiM8rT1UFR3lS36e8WEJ5UeBMMClqAiTHjtl2dVbIOuSvFjW')
     , (402, 'woyhYQfijj', 'Po191z4uP7wYVhOedf8 ie0stMk0JNOddUAibdezOtsSGpyi5I')
     , (403, 'QKfeiAyuSP', 'w6hZzoWxz2t4W1A9ghWRWjHoSyIzd94ufVtVMzWY7SL0w8t8Sw')
     , (404, 'wkWUMizRyJ', 'ZFaypW7UhPPTolYaBvG98n6QLMVF0cAUCxZxenuBdfPZQCuWSL')
     , (405, 'wKbTlMsHQq', 'gFWOjwViPDsNN4yFZWy4arux9niTe4uAmkAImArAjtg4e9iamQ')
     , (406, 'mmFVnqTupe', 'eqlm1eyC0rzZaGNdn2YGjwFMvdhMzBGtuzbopfgwhuFf6GGUdI')
     , (407, 'YDgJCbaQCU', 'IBE4hB3sYhlSW5fTg270kb9yYoOWH0jwH3jrNSSSc9lBZuap3E')
     , (408, 'lOSeYeXBVk', '0WCxmRKOMxqq3vubljHljnp6hMfXHJ1kEizi29mLK5udPkKQwZ')
     , (409, 'LSEEHvwVaq', '16UknV5RZwkLzhkgeK5S2pE7WE40UJTYQcIhTWiHmbGaTl684E')
     , (410, 'JWAowwsmJr', 'rsoGBC1ZdVjpS9xautOigFcKF2iHmQuQJrWd61tAobYOtAYA27')
     , (411, 'niYSdAFbOc', 'Amy6Almq1QRihDQ0v2jZoiuGCOUg4drr8PYjeTMHMewcvwYlNP')
     , (412, 'FUugponjzQ', 'qPlaDFYYu1fMOWWkcA4fbGpy9pCEXAFNI2MVpvqNeU5cZjhdNl')
     , (413, 'fvtsRXSuRC', 'IzcKcCROBgZsOCp7wQQWxhwijbNc5fwsxt7cWtewGF7rnz2ZS0')
     , (414, 'EfzITzLvbr', 'nB32ekj5L8hAHzgmI b4HrpNlwkAX98r7y JurGHm2DDiboH 0')
     , (415, 'wooYCndQTl', 'sjXSUyKqD9Zl2wDfz r4Qp p8WuGJOsuL6PeXmMSwdY zq1LH6')
     , (416, 'yqSoNNqYiR', 'XmqIJfcA7VYw moBUUdDPf9XstUMVVg4Ud5UQ1c1hLImq8xflR')
     , (417, 'tPndRnPaiG', 'Ql PRfsOifJkVLjqTRUa61hmBV8uyBePVB 7BXCvz9CzTSvrgC')
     , (418, 'HtGapwbUVY', '2dDKaVEJ 2GegmBFyNOOkCH7Xv3ZsYIjhL1OR4rPrd qU9FbpA')
     , (419, 'MhXbBhjMjx', 'M0o4l8Ozyr3ajM5wwac2l8Vs6L57bNHD22hOkGiVWf4HDziGqp')
     , (420, 'MJPCLYemXa', 'hLjExosQKoD1Uxyd5zGJcVwg5bpKyhULWA1okmZcne5Ox16qBb')
     , (421, 'vREXFNtHzd', 'cxwv83s5L6vY4juHJ4nz cEfUDcUs0 KfhnikzK0Jevll qhqo')
     , (422, 'GxOpBrqXrY', 'dWBzvh0LEBAQhE1h186x7k3tqebkBZAKJWVCCv4ocbRFbqKUw3')
     , (423, 'skKhTbMwWy', 'nZEd2KtyKyhBSLc0i 62fEn njp6sIbe3Vev8x9mNZuwwGj6pa')
     , (424, 'iblrekzGiX', 'ytMqe2tqAo1NIw90LakykfR0WIymbskmXyIzs6P1anOlQXSuVI')
     , (425, 'ujmDpNydIZ', 'bmmPjYuXHLQWW4vYkd16XwMEVD6aDWwsYb41MOFkxVLqKygi7n')
     , (426, 'oolAQjYzmu', 'DSo8DuXdtZ5XhgNysrJ0M0HHyE89oGhcIry1W KSQWnV54P993')
     , (427, 'fXazYnNkHX', 'VvliRLnYdb5sWySINNMxhdtrqgGe Fj9nrhqNkOMAg5aXdM6RJ')
     , (428, 'rllmavfoeX', 'Nh uXE0AG MNcUTlYxPqd4IN5VefAjGdza13g6n5m0Xg1vuZss')
     , (429, 'QlwclIBFSA', 'q0LtzreGMD4LEnB2RkzJrAxv6wspMnvNZqJ7VWuz1fzkXogB9g')
     , (430, 'dNpvERoEtB', 'uf1TlB0RKcztc09mzH7miPbDC nOuC26EIu64yq9a8C 3FaW7G')
     , (431, 'UQaGuWopTU', 'gxIgl0MJvre I6Tkxdv0b3hiEoMLKIS66CNHuyv8nrKe3qTdeM')
     , (432, 'DOHXKpYdwL', 'WGqacy7zP7WCES 3g57oACUNpBm5213D0J1DUz2Ivx3Iw7uIwu')
     , (433, 'sCnEhCCPpb', 'JWD2S1WCUKlRLdQ8KLsDK8yDNH1vXi8VsFQW qk8ebdSzgZ3rE')
     , (434, 'EfTXKasHUK', '7HiiQq64M97Gvf3fJHjL1WWl2EoFcsa7Axd0UVTi7m3xmyrdFW')
     , (435, 'sugPbaHdYm', 'eWLynKJcWUj2A4L2hTQHI Yn32rceovCQd8CRGF HNIQQtoSVq')
     , (436, 'gpxbTWKgTb', 'u7rSnzFKoCVMfCuXhb49zSECCTBc6EUpZESl9V0EwXKZHG8WIL')
     , (437, 'AdIpXUdNiC', 'fou9dkIz4kNa07lvXsD5kZKGgBhHUfXsGKTykdB353nAsXdDtF')
     , (438, 'cYWPOMuxvk', 'ARAPNt2ygMwvyvAtSxKzvG9bw IHAQ0 9aqu0Dg4mumjioHH9y')
     , (439, 'QYZIRwUpWi', 'SjmO5e1auTg2S1KazXxG2vAkuhj3A36egzrfrISc6IYR26RhIx')
     , (440, 'IMLesHnwTg', '1MpQI2pNMd10JTfgbAh4iueHDaqxolOoznorGz3p W8fLPwIcF')
     , (441, 'JOhlWKOYDd', 'PZs7Zh0YZgBfeaAVt07nbi73U7DlsQxVFgyAl1DWxpiEzCq37I')
     , (442, 'XVTZRKlSMz', 'PrVYElnusCpBSzXjBYRi r9FViFtPZmorLnSO9ClrmZ6N3yE6J')
     , (443, 'dNSnwSebeT', '5sKMD6tWG1J5 EnCrQ0cKcV0UqYypNhmgJXQDKeTxwrfq gFAz')
     , (444, 'VOyNpXmzVq', 'WiiQDvsXN7juy5WeY4b60kaJy9rwhBL3GU12oXTg4p4QJml9FC')
     , (445, 'coCxGBkltl', 'xxdTPmnSS2liO2k3CvcZyBKwmQuatrkj5YfhkQrx4b LqldApM')
     , (446, 'SLjsKLUsWP', '18Uzf1Ka6rRoEJhsCZPKs8xNJBFpk1DrtQfLupSOoX7rkGRyAc')
     , (447, 'BeBXVwSpAz', 'pBFuXkwgYJUpsMWEy0NPdcc54rqG954 AhQ5bZXMHbjq35OMeF')
     , (448, 'tcrpkfmuPY', 'vFIVONwXAJIIbGq1tnIUOpoJLRKvSJiVuVqH0jwxZRiVD8PS6A')
     , (449, 'wNJAquNBIr', 'oKM8Oy9MNPGeHIRxlxEMHAkcKrD shkMPLkdIDyPuEzscPQp9b')
     , (450, 'VWTAGbhVgH', '04KrqDjMluhlgen0Fvj3baZMujuA1rV10Ej5ViqvbeVb2lR0Xt')
     , (451, 'jUAZmtgVLa', 'mql4WSJ2STWfEmZ7MCYikElwB9RqBhZea3ycXUtVXOjGD86bGH')
     , (452, 'SfgNWAsSFo', '2XMrX6MDINyuHKUawYTSy8MJpglPDaJI9oFAVkmclM1itUis1T')
     , (453, 'irQRMHCkBP', 'seZngvqHYd1uNsnaCKiJo3HIkXvI 1gApz95dcRqrDYGHQL2vB')
     , (454, 'IiIbMbqckc', '3dgZhgJVRa2bNTW9pZo KHJRXCmju3UHhmmlANM2PYnXWzF2Gj')
     , (455, 'yghEMplPcz', 'T36 eI4gLP46ATT6PMdq a3nGE7aymmMoXsGX87 4AhnNqwRlt')
     , (456, 'hLagESHMrW', 'IcbEpjfOi3Fsgb0yXAKgXWfFXyksFBPdoFrXZKxNrk9NBEyMJr')
     , (457, 'bSBrOmicCt', '11s15cDAZsWAyEuWloKwAVkWjE8ieHAI ZZZ8p8yWVF6vnQozB')
     , (458, 'pTCFmIyidp', 'sJQf9IojZU wvipMgiJRJyyYQlaRACogbtWzSYt f 67f25bYo')
     , (459, 'wJjbRrOEKt', 'DCg2Ck3nyJ8SGIMOInIAeQE28lq55rrmgu2YMuWXk40ibKBFSx')
     , (460, 'PKyqmfVhWI', 'mHCPYzYRpJDomrXtat3segNUyse0ILJr4Aax66QiZLJNJR zuh')
     , (461, 'FnbiKrwDcm', 'OQjYq0CtVYF28hnTHnDWWFo t8v7zrX8X6eevQzuvwlpLhFpbF')
     , (462, 'kiEwbixVNq', 'A4M69Than9PkhHewIut0jpkPFmmja6AGs TUOFLdI6mI VuMf7')
     , (463, 'DqhLJSPpKo', '5Ashk3gsAMw9aB9UWJrNzDrNE39GycnSE1MnEoID 0eLx6OKCo')
     , (464, 'HgObgsZPhr', 'AtbTLdfmFOL61XTvfFlq7FdoC4ITcuq8dipcMMjjU9xXlVC9Th')
     , (465, 'IFjUFPtBGB', 'SDeXFJybxKa1eSu6GbzovWWuUJ1fmFX4Mb9piZvCau1endC30m')
     , (466, 'hYcgtlgbGQ', 'HzUBFKkKkUhh1D 9Wq2920uB15J6b5XkA1xHfIlXbEVBolxr5S')
     , (467, 'hBemyAWtfT', 'IqpmhRj7sRZUEPWLS8Nyy6QrnPhscPJvgJDpqa7BC256jSyXvE')
     , (468, 'fTUGefTJbz', 'hyYSEXhh2OYetcCgXxFhU75WN2FSzPKyaWVHTyrOI0K1Rm3A9Y')
     , (469, 'WCfXusZAxq', 'GRfaQOT6ZiSn3hQVBfuB5LJ13LAVvQMe8ufJPki eTfkDQS37f')
     , (470, 'GzPbPBiwvG', '79Lagfn8RaU4QA43U0qeimd6CSldiQru7EDyr3Q4US2nJQrZO9')
     , (471, 'RYPlkvTiUS', 'mM9w3NiZODyG NlCkv81FGBxswynlJRl0QCeqGdtuKlSLroywi')
     , (472, 'IDaruRpcZU', '5fDZHv2waoJQ0NApA9W1AUvz0qtgxfsatJwVPRycz4MYQdOP7J')
     , (473, 'SjCyZcYILL', 'gj4gHSvC9DF2tg1baMwLm56Hr39ist3bXsgeZDUst8pNQWrobC')
     , (474, 'ecWzBwYPFR', 'axT GkVkOqVUjMJK2vWyCFwdSo2U OIu9pDnnAG7ol0mPOJ7eh')
     , (475, 'UUmFRBIwVZ', 'KZU9Erj4zFlr6Xr3VQ0c 7U3J 6pAStY31X96ZuEcRmbgYuuOS')
     , (476, 'dgblCVftFD', 'p9MZW8 CVMLqNXR5cZrZ9k xzblrXsvUDOE5Eo16am7dbKmRa ')
     , (477, 'GuflwNTaBT', 'dyETDsgGdg6dlN ryTwLltHSkxdfkTsfv0p9grAozSdv iEy5I')
     , (478, 'PJaibcZkaP', '1sxBoONZoFribM38gl9DKe UXOtYBWPgCSScA8pIggbHIyuNRo')
     , (479, 'pGzLoNbeFH', 'ppuWJWTVqRo0N4dvlMBVIxNqU2j9qswZo2ghS2o8uA43y329ud')
     , (480, 'SIeSYylxRX', 'j4HXddaN1V9MIGrKxsTtQR0FZ0JTjCRz3mSmGrgtoBbkSdYy47')
     , (481, 'UrevzHmvnz', 'lu 5t0ULdD9PG9b42 aOjzlcGu0FPjlDpUCKrh66SKKt uOpe4')
     , (482, 'eEhWWvRLsN', 'b3p7SeWxEwoIJosRrZo2TCKZshAD5vgyzgMGExMtyTDvXCF93n')
     , (483, 'tDSepKWPxu', '7f59TfFjx6OPbbW0Mdd6rXrXgLRncvPnsJIKhFwS0HkzU3 h Y')
     , (484, 'XhATEiutKJ', 'vuxd0cNDCvtV1kOkJlV0fRSlJVsbnX2ycs4 IPFkNp9IntX84a')
     , (485, 'XAcTDqOidc', '4bdiZrmh2lPfsLq81gm1qWHQuit9hpd6WDSC2jOEkU9NYJ9mnc')
     , (486, 'JhPCzVbXMl', 'KKCQZ3ultNYGTtxVJWoiofUJlHsFQg1JtqFJpzm5l4x2qjcdz5')
     , (487, 'NOfcInOGkc', 'cgFs1RK Ex76Eil7gjKVBUVepZLIYriJyX xXV1wCk2LQscIIL')
     , (488, 'FVixDZavub', '1MqwupbyqABEGBtH2RD6kd0XtdPCRIbRU8ykJDDTAdRE1Pf84O')
     , (489, 'HLFRlHbzDr', '5d46diW89i0QDuqwyOpPwwI2N0PwNrHPMZlfL0piI7zvyQNvGl')
     , (490, 'ogNdiPlZfm', 'tlmGqv0dWGDIOyi2 lxx8MzcXa7KlTfAX0FhSdFfWtpCQZsPDe')
     , (491, 'NzFskHgqoj', 'pQ2r8DaNTSP5bc W1AW6AWSyFy2HMsUocODeudpvRhBEwt13nj')
     , (492, 'paAMdJzcls', 'tKw0tqE3INbsBgRUJ7K4dMYLczfPVqp080gqpiecMTxFnOrsA5')
     , (493, 'lriBtkJNJY', 'YjPZ5uVLs38ryEsulOGFevIAB5FdXpRFQUv0SQnt7UH5jngIgY')
     , (494, 'BKWoxxMVbN', 'mpSwbD9i9 hDLpCbQRpt07w8soH8W3BMLmMNJJZJ4Xd1nRdtiu')
     , (495, 'WTXHXznGhv', 'l8Grlq6NaHth 8iwgC6LOKM7tVpq2bWx3JCzgN cUE ZngEjk8')
     , (496, 'reuoGCkiDw', '3kJpgMSuHn8uY0fW3WPZCbNE7uS2EZ55KNrg49 0O7vZr5vPsH')
     , (497, 'VgCJmHWBPi', 'WoXHF6qgMAhFGeJCWjB7u3g5wyKSRuHLp6iuv zgaczgEVuJO ')
     , (498, 'zUJaVJoViK', 'fpwD2 FGqu9VQO6vsOW UsQH5xckUwKQpmfF7ddEh2x6llQz1f')
     , (499, 'NOPFVTUNeI', 'MA9lGFJDQ5teODP6Mr4usB2Vw1xasM2KX0WhZJxXxVpxWTHgEQ')
     , (500, 'rEQvnYvxSW', 'hqG6GkXbyCFDBLRD2zQi7DlbZXJECbNAiTud64 iL40cOOaFqk')
     , (501, 'SxlfQdRbWo', 'Pvkyj8RkKQhwMNJX00ZzyS gJq6rfjcKY23LtIV7ic7jEUN lE')
     , (502, 'nZhAPxTyaK', '5cqGZfME5ierG30NTN3YkVA M0xn5pm1zGnL2Pd2E5vMH7tVE1')
     , (503, 'iClReGaTaK', 'eZ2rAhJt3hjrWzIiMAwE5tw5lemCXAmL5wMwWeFFwCg2atPPxK')
     , (504, 'icCZHEKSIt', '3O2F9EJ7s T1GLvgXiPVftrGBpvAJ47PxTXnVajU0Wk5inFUqY')
     , (505, 'LadeahDVkY', '7uONvZp4rvKbsrHpSs5S2E62Cz CoVMYRtrIeoUcBugKq c3Sh')
     , (506, 'nCjJMeXRwE', 'pjXfkPpkiWTvCjNFp19viCOhKkPNSVRsiw6tTlCxVHkZZWmQIj')
     , (507, 'fgDHsJbuAM', '7voloqHRPnwTxCDBtzQtccjHD669dKPQb1ISaAXTkNKmLViEeb')
     , (508, 'PJjZLtZhSI', 'zIaJn1jGhbQCDZTkFLFQ8bROilw5dQyvqGt94d xUcwuFISoMN')
     , (509, 'AFaNJSAgNW', 'RgjyVsxZ39e0bge16iAFEiRhzcQrzpOHIx3vDoDxZNWgtEaKET')
     , (510, 'lWWIlzKCGW', 'KDHpidDi3zsyQudkjz3tSAoUbCcY8s1vMvPKucpPWb9OQYGYyV')
     , (511, 'rsGrqiwVbn', 'r0PLDTaA7gbcfWXRyi3KW4P1haKw1T8VFF8XMSaRuCIOYBurKd')
     , (512, 'otKbZlaBXk', 'dONh2O46bPndkKRuCMV6pPZ9H hNoTdwgazwBPB kGOkKlJIEF')
     , (513, 'EcYIHVJPpX', 'oS8EnTR2C6qfBWbUZtMY ErHRwvaOX33i3svdAxZsMANPkMaN8')
     , (514, 'HbpPhTPkSu', 'FcClSo34nWI25KXhoYv0EaUyGj0RtQbHydLPviIodfsmXRIVjH')
     , (515, 'osMEwXgVCu', '5n2yILGDywVwRglXXdqH5DXk FeiW6bZquKH zOxpDvoqbXLSy')
     , (516, 'NUkMobBNXr', '74ixp9SZYf4Q9Qo uuyk01QsRgbnonclE8zFtNXMr80jcPun7B')
     , (517, 'DuhrQzdFNa', 'hhifi4EDyfxTZTAYKRBxGEDDzuK8VJxb15z19edbYllCp33sId')
     , (518, 'LmnoBDiPBy', 'cgMVf6DdhfCpr scWssjq7oMeMJEMWzCTGiwqf6PmtbTkpAEEG')
     , (519, 'PPjVMrWPgQ', 'E UdpOJF8WdTzwXmTp7wJsBfoLmN8yTQHr3M3C6MS8WKfeKFwR')
     , (520, 'HgQyTLbfvS', '5dPEhfxZ7VP73muDErOFFhYAC3oaZfiCnWXDfVaubf7DwJL0sb')
     , (521, 'MEXiunkiSb', 'pfjYyrWzRkAB6 kpguToGXwLWWtDPSerngwMkUAscuBNCxoqOK')
     , (522, 'fRFMwJXYIf', 'Ezq76KB9490fzjw0uCQQGfMH0u6UqUmDiTdrtiS2nhAoLu1PqZ')
     , (523, 'GrGTQrKZUY', '47UzIlkodBtm0eFW f4m8j9vbXX2mr HEreuX6vqC9lkQjwsGH')
     , (524, 'tBtmDPKzjM', 'Z5IKxjrRUZ2FkQNEwBfHI3bE 3iMM5iMviNqIeHG RxWTAUYko')
     , (525, 'aTOMkzRjvJ', 'ptvS09csP9U4MrYZQSGs tnIXK7S5yQkB8y1917jjnb7EnVNwe')
     , (526, 'gzkBKHfoOm', 'Tm2YOp0G2hlYaztrTsnYaZ8ybRY9G3W4vX01fA95RB9xueGV9N')
     , (527, 'TCZnUvJAsW', 'PUg0O0vWD10FN2WVUTWE6WMZoU5X9hKVrXVLeSnjC4K0k U40S')
     , (528, 'kIpUUiYZmM', 'q2cFUklf0yAGmapxQs9KCUL6QEaOPbNrjiIg mysk9tBz93Ywo')
     , (529, 'URJEAZnauP', 'iZSk3w4VtilEVQJQzjDRQFSi EQBWcVbVtYxTT9nAuuvDzkoCu')
     , (530, 'xDtjCVDxEW', 'pABl7EG2Lx9WJSDJUYo99G GTJShlDjqy1Dqv82EQQgr4sVqb4')
     , (531, 'odWxrXIPfV', '8xZe6BDMjk9HWNQHtbC0lLQ NoaWSkonCi mv48IPiqTobVlrw')
     , (532, 'rRBfDfpFDc', 'TTst7Ou4C5fGxSETRBGO02hJG0pQf8YhzdCWg5wTjpDxwC9v4X')
     , (533, 'apikHmUSKk', 'InCYy22qqfsOl2mh4nT3eBGi6 Z7uO4Nt1pwsXJVRtrBsuX1qX')
     , (534, 'vwThmmTLFs', ' YQprP paYVxe1sZ HAsw4K6OCHkV6Qiksd6w4p7ymNHhM3DsE')
     , (535, 'EnkvorchWX', 'DtVSe0tbquzYuPiIPUU evXY7lGeN60ZBs5shAGB62L8wockdU')
     , (536, 'mcAPlFdKfj', 'KbwOgepYS2v4OhFu9RO3xwaB1OzyUPJ zFgSw5hsA7Oe16IbSO')
     , (537, 'RrYBYPSUrA', 'TwHthN7tVijva9dkC7QEN5bkast3S156HJwVHampXwSyHYWhEe')
     , (538, 'groTxpBpKq', '05wYLFTPJdCupMCZSpdTnUbGDZ gD1a2Qymd8wFie aHXaKlmV')
     , (539, 'TUeHNZSHkc', 'TO2liptU1MO 48Zp4RF0wybtWFkQ2DREUEY9yLnw3UKrGzZGkV')
     , (540, 'fGJwzVxpXO', 'DC zEqcMZFOf7dSiYKcVBWZrSfvd5V0fWXPbMZKv5IaDIYMwVr')
     , (541, 'bWVcCeOdaW', 'hxvOqdB1uCwILBQwNAAUzeX64V2X4RvNAEW2gK9d dWr0ZXEFL')
     , (542, 'DTFaWZyhIj', 'kWJET0gShr5OotJiaX76iIjZZNMk14HvF0WsDFXrR1FzlJv9i2')
     , (543, 'crJMSuliJk', 'fZXasqD8x4C49aI2nDJ4fLqlnCx5CjDAZm4tpKIrLlMZcwpgfA')
     , (544, 'OkrDxhIuQa', '8n3CelsQu35PFyvpxeGY6CC77EKFh1sUaLDrrndtSCcu9ofGGy')
     , (545, 'DNKtRdlOWa', 'o3K1tuqCuQYNQqxWJMREV4R4SpqXQtUMOyeEAOhzrFlRTXozF9')
     , (546, 'qXdVlEGWVc', 'iMngieiF1YHNW6KBlC1NIN8uYaPIe19iVXi1 5p5pa n4kQtR9')
     , (547, 'aJlxQygcvY', 'jHlvrjG pwxUtaYiBjp2sGn 1NNFqiHcIlYIbNmlv1h7lnkRML')
     , (548, 'hWwAFuefKO', 'M1ldL8kLTfrDoCsYcYuiyrFqD5E7NEWsyigCXCkg4B3fTNQKLf')
     , (549, 'VxqVJmRYKy', '98n5FX7qPbkiBrjCgD5ZXtrHotaLlw0E5mBr5f5yNI8CzlIbqS')
     , (550, 'zttkYjcAjz', 'ph871Kr4SBR3cY85KY7IWNFw 0tvhBiQta4OE36YTRa3MlR2mw')
     , (551, 'eXlYbcWbUC', 'd1n6k4S62jy2JdvebKMinHEGGbt2dw9CB8yaFVQqAKFMNcccX1')
     , (552, 'sjthMkwvym', 'WP0t7d8H2QpN024FwUL4mKHRuDqGFIkYgwBoQUQsFjiVym1nrM')
     , (553, 'zvLTdoUrXN', 'Vew2I3xldRYvrBuTQ8a0WUl2sXoIdnxWdfjeTXtKIb7DhBrlED')
     , (554, 'apIHagXXbF', '1GAvatSj1nq90Pm00hI2kesj40pEjtK8ZqwLhqWV NR5ylDMFG')
     , (555, 'ACnDlQBkri', '9NiOFs XAIBMB9cBk ulHdMpyCRF99hDHm5LDut2DZ x4XI91L')
     , (556, 'EZUvZCcalV', 'U8hnN8Jw8NaffpEMFNlhYIw6q5VScJnyB8MOSvIu1jkS9kFHYE')
     , (557, 'fRGPZHrYOk', 'IvWW5cXx2R3wviXxhByPu5rHbc6oOEd90g5omNRJPGSYikm29X')
     , (558, 'HeqxrywLzd', 'vp4U Nb7lkxCBqjD2pCTOYJQtKWbSZ6nMkWE3dyB1Xowj6yO9m')
     , (559, 'YqYYYKXuga', 'SCv0S5DA1rw37MMl1LLisB3G89n9RBjm m89ULHxg8iYJFX0KN')
     , (560, 'mkUshXbLsM', '08eWJr9hnAK2AgwW0EIDDakAmp8QM5r7Tp4nsKWoU75zGxtuwY')
     , (561, 'MGmVvXJAaN', 'eJ1AOSr4q4ZWsR6Q7kK1wYNBLRZWlidj2gPFXNczDkLrnEpLIR')
     , (562, 'qNrnIKjKrL', 'A0ZmdX5QJf6e QNiDrieEOBMOkxV0NEaxhfKSUhBUC7EO2Mrj7')
     , (563, 'tLqVmhZQBi', 'LqN1hc3RWqrOzWJXRHTvhYdmLppzVhwct0oe5Gen1k5n4NxTUa')
     , (564, 'ueWQXZlnrK', 'c9wYpDOeZsH1GKmWtXFGnPoyiHRuIXfohAA5uKpBZAovcOn4l0')
     , (565, 'mIYfYjGJNz', 'Sh2eMssV2NeOyhLKQOYOEpwTBcstD6k5nnqjPGFNgPz812tO2V')
     , (566, 'QTMlbhEdHq', 'r1SMRov5o8K62 39IuJYdsqvGR keupTwUKyZFDcFrMuk3gjF5')
     , (567, 'XYLuormuFE', 'jNwvRDS7XRKi1nJBkoKduFotX3lgZivWqpApKL2nfapPxYW8dA')
     , (568, 'LsgVVOytVq', 'v45wPwz5jbGCkRHgechpWK3BIQIWo9HTACgXNg19HinTzxEc2v')
     , (569, 'sQamTYEoPh', 'b699yKGZsNX1bNs2kZKSSwGePKwHf6ugbMxhGgq0AXjwFB3Wrw')
     , (570, 'SHSwEzeMgV', 'JqKhg4prQwYIQIx8TEDrNqL8wmbUhqR 9QGKM8Cb5Qv57YHpP ')
     , (571, 'eQZlKQotob', 'AkEYGhU6S0qjuCLwkXZmZoQkQSCPbz5P3XYctNF7RG8anecuyw')
     , (572, 'SxTNMfBESB', 'SVLvxsUHDvvoGZWUFdooSDSVrS6Vbaw82gv7YpdaSSD7zP9mfO')
     , (573, 'kUKYxsFPsb', 'jItcXSSCaCsL3d5zLX39Bb9RiG9YVVuWi02yaqmWfmaINB UPJ')
     , (574, 'IBpyeMgTJi', 'x3050eUBJfWQSRI6meGRnWW67 DOa9FJneCQ98bUvdljk7tpMl')
     , (575, 'EMmzsqXuIr', 'KRfdg9FD1URJ3vPjbUFDS6NgLnquYxFA7yZ9ziJFTLlvzXaALu')
     , (576, 'qPtdyWxyLe', 'QByDeZYCSntwiDdyBSQ8l7NLQE5gGaPHWoWcR7EyEP mnOw8Ut')
     , (577, 'OyBMWAhHXS', 'B7mlrrL6eJioaldPtxDbZVNNYpjlLdF6gmMVSgqBiYN83miIVF')
     , (578, 'ZTBgcbpUNc', 'dVJ2OyUhMdeT5nc8udcNjkeuqmV tJKtW5Z5KIJ9RDe94L8cQW')
     , (579, 'pLfCUYprlg', 'p3MdA1ien2poVim9f4AUrPA5VLQGbV ROYFRsh0HMtH0jEwJOO')
     , (580, 'kOWJudXxjq', 'kOl7GoMSmLHvkgKqPxfcmkxUND clgDTThSxwssZs8IZjmOigo')
     , (581, 'NdOfRbcfjQ', 'NBj RtieZvN163hTkd2CJwVtNOFNHkxiPOg1ogSj5Ui4HW2sCo')
     , (582, 'nHSsnjnLhn', 'Yqx6w59MzfGa2avlWjMdwhYNXBsImoUwvClaKgRNrk3HvhXd4G')
     , (583, 'HFwdMKOOmw', 'KLyIsSzEcLD6eM7msmB37bQW5unUVdVMdOMdn57jurxnMna5BU')
     , (584, 'aIBiRFuTAe', 'GCWeRczgNCIfI4KZVbkY12XkN7BPSZ1FK3TBCsqlY2doTT6TnC')
     , (585, 'tvsHygAXkm', 's0lldXpzQZmcM5Ojjx0548mr1QSBc9nQOWe5XS6V9fqD7KQ3YT')
     , (586, 'xxKZCCjqAk', 'yoWPd9gOdxqcp0d8bdUto6CygPEpoa3ol1tnLFzKIyQv6LeWdL')
     , (587, 'EHzTlQvTKE', '8RxpnPvoNYdAlxiYuIWTON4pKo6ae QP odD1dy9riajIc6UeZ')
     , (588, 'yZvqKzvNez', 'TRGav39PU5imNTIUzQuCx1qquUK A3byhjPnhbTOyGgKm7t Ud')
     , (589, 'ODLkNYmQJP', 'FfW 0srlBMZefNMKmKG1Up3aAcHKVl4wsZ8DSXx0UdLPvzir7n')
     , (590, 'wEadHwslCD', 'aP8M53CVcC4B0eE8hh6yqd7e4H8me7Tuxu9Omg9RflPLtr0JrS')
     , (591, 'fkQqmPMxJn', 'BEdPvRqi4U4uyd7Lt8MdXODNZup4lWp8rlQ3U7SAVZA0YI6qP5')
     , (592, 'gWtgZlwzSO', 'Px9RmpuwSX7GOtGPgLexZrLuCZkcyzv2I49uLUGCgLqwoihaJA')
     , (593, 'bCrvZNEocz', 'iZx2k202dNkBS64tf370jkis Ke5yuO6UkeAGcihcpRjAij5aC')
     , (594, 'OVuIrvCKAd', 'fEe1JeBJOZLJTfRIuyEXbD7KIVh0xGBe Nbj7UwFiXsCTRB7bg')
     , (595, 'QCKrRNjqhk', 'qjEGyQMx6oUb3NXhbfMS7J8ouMBMlQpBFwf2rUUYsjB6g0N68S')
     , (596, 'uhAFzEfnYL', 'mgFqYKlAMm0HitT5RFk5Rb0hm9lTszPelXSjcFmRyPpSlzzU4Z')
     , (597, 'WtdRRwkEcC', 'ghnj9Lt8LaPankJmCOQczEsL0pbiSsDlUCR6na1wrTkGzabN6i')
     , (598, 'xxgUBaTCRd', 'AUeG87eAFRyVEVtExP0Nz7XFrCXeGYm 4DLEZHoaraP8P1Fc K')
     , (599, 'qxVZeKJvcM', 'qCQj1CcxklE1x8KkVe PjxdJEHaPSlibjLrOkYuGxmz0rd f98')
     , (600, 'ZMcRjEbnyk', 'wDiTpJUxrO8kUitV6Q4BPww7MyStki3GlvDX1es1KkusHLH8iI')
     , (601, 'kgILTFXToJ', 'LoIDXD R0y5Zq9WEVNbI8pvBDrnHSSjp1zTb mQck7lsCytOU4')
     , (602, 'hfiQOaYAPU', 'QFbTgaB1imRgtJa oedhmNAtKsDQpMhJt03RUG21SPPkOcHr51')
     , (603, 'imSWDnHgUt', 'YadxAwBozDzb1BxvI9ecUD6A8LoTuBwz3czD1T3ahI jBOsQ k')
     , (604, 'RadDGMatuc', 'pA8jf7tUjXdxPcCKb02DyZAk1DsbC01XJrTn dUzbvrDOROS3f')
     , (605, 'jCgYvurKKG', 'ycnNkc5qA1j6kWbMxtzoqyGvbU0dTTQqufvhycV8WzmyI7LvvF')
     , (606, 'sKltamZaUp', 'mfsaJ5jRl0Qu kUYMhUMaewi1dUwIG2X73IQ9En3SJqQjGoqiR')
     , (607, 'OowXEgtGim', 'WcDnIUjKDSfqLRyTbAGc jpMQMJPf7DX2Tm8ex9McCseACdQF1')
     , (608, 'vyiaYgwRwX', ' HOOgqWS9m7qwvVyVClpLw1dE MwXfWsa0MSR9yz0XvjyZD03P')
     , (609, 'exxftEzHaM', 'N7qEpMnYdyaX9AfJivpmLu0JwKmvok5mmA1fCS cb5 yUKBbfP')
     , (610, 'tKEDOxYpGx', 'rzf07w0SdoZwHR46sU0n501mhiCXIkwYykfisoh6lTeueR8TwH')
     , (611, 'zsVoaSJmHL', '9jSEwFuUDtDnylCaiUz9fP  Ix3EhVV7J Owf4idIEL5fJspk ')
     , (612, 'bJbOUMnNtQ', '1zZu7BQ35UoIw3ScLbEYLXP3gHWCHLhyXHAAmn25dfkiv078DC')
     , (613, 'fyaQUILYGM', 'ZR9PFKdhWA M2FtvOphM2J1l0FPzFtNT7Xumr4f2QgJY3Z5roZ')
     , (614, 'ZfJOTpUPLK', 'ovaKWLWjFpDMoRVeCztdOn3MpIjmWlxR5huVMA1rd5d4jIJ9Td')
     , (615, 'jvhCnRTXRs', 'OxeDRJLCndsjU uCkE0nwMbXLHGXcck204ASOt6xHkk0dyTDE8')
     , (616, 'mmFjZqgyEz', '5BJoxDm7ndd5ZKzlHE30QtoiqJksQuIR6 H9dIbFgNPa8z6lk7')
     , (617, 'DgUshejOIp', 'fsAoTsZ7uFtNsXlOWmntBqT8JZO6DP1KPlcWzugOUl1XsQSkJA')
     , (618, 'iBMWsnKhUl', 'MVSjKR58oanL640lh3qvKyWj94Jun8nva4nEQfUF5yiqvwa QW')
     , (619, 'EDjJjgNMzi', 'S2bmU4ti0r3qqDRrBQIsjGTBfzwDQkpxpbo4VE6txYD5Jbhuht')
     , (620, 'SlzRBzlHTM', 'V01autPV eEUjiG mUvjz3g21gyEQZwj5F94vkCCNdKgUSfcpn')
     , (621, 'ZapSDwDjtl', 'SBhgpeoRJQCBnzEc8whNphB9cMl9dYFCHuswtQmfCb7t3SNkL3')
     , (622, 'qoQQBSRBei', 'LsDtItC SanV8RuOETjiC6jWksUDWwXJxAShURSczYvSeFBWVn')
     , (623, 'bwToDYOnyD', 'vv1Ns4GRWskghQrVkVQBwwwTMTWhjppV9PwAzAkg9B5WyyrHkU')
     , (624, 'myOfXFaTqH', 'aHyN5ePUSbXzEJyTOHeqBnAtw05EG6ZxW2VwT6vxXbDw94gxbn')
     , (625, 'zstxiWJqda', '4PecuHrXderuZNzuCrPGv4JayaAORnZV2nmi4dFIO97eoLx2Wx')
     , (626, 'vALsJEdDAB', 'j1 g7puhswLvBLttpzS2ZK2yby1YpzEO9Nb6it6GFMsUWMWsNr')
     , (627, 'RCrrrxrfYa', '4ALQB7lkfQJ56hYd9z5tIAqf8j2hxrVNgnqNOv1r4BsewVmII3')
     , (628, 'YCOWlebzHN', 'WAZGUe6Cql6j54AbUxJRxHki0CdtFG33xsgelDXqg4V04OF7oV')
     , (629, 'WbCrdVVUGI', 'VA2R0fNeXJWwqq7J8HOQ1ZyNA7aR6xY8Ges5BsPJ2B1lWJrg26')
     , (630, 'VYHdoImqsG', 'viyHwMNAyuzQH022RCWTzWzebHEhstL2YQ6 zzfav8dU8wNKru')
     , (631, 'qfKmCeOnRf', '0vDlXrQGLUOVJrjOn9POmrAP3Ak5f0M0wzlEXF TQRGqj w3te')
     , (632, 'sKaQNrPGFv', 'NShOTkJRcRywQL0pm6AL4yzsMWDGJXqPrKRizE5VRxUtfVdn2f')
     , (633, 'hWELJeTNgC', 'fd2vBBAraKUHcdasuKIWLg1XjVzx4qB RWQj1UPL49FH5r9UYK')
     , (634, 'jfpQqXfwXI', 'Fye8PI8QkECAiQoCPF QexcqjKj5f0s10wNNpKZ7MAm4C8P2ia')
     , (635, 'dCSSZtrFjb', '9hJkgbGvYFipMALYUMGs HEiMWCgvwEJEObr1  45LfHQq51a1')
     , (636, 'EQpaTDAuDS', '46PutKJCaZxSJWNWtzil8LxZuaWBCcUeZFxi069UIegOu0SPTc')
     , (637, 'HrfGgBqegb', '74V1 VNDTh4hvPXdAM6fAVx5WyKJnEzoWzrPigR0RPtm VA7hW')
     , (638, 'QHdQLfbdnc', 'lZF2XpkZNWWO97LO5MRt0YpYl3bi09XC 7WoEWV6pHa737rXTA')
     , (639, 'nlpcFfcecP', 'trRRt9 7zqqO2Psmw5bpYpOb7or8CzbMO6E8ThGTETLgu6Fu01')
     , (640, 'gKSOpokOIn', 'GfHIA5ScizkOz8oCyvjUXzYGyvG6DURElXbFf9wzrCbLXEipeM')
     , (641, 'YRJWbRJQRU', 'ohGUls8BUj5IgUdKl5MEJVOZ6Gdzd9IDOEONfjwacSeTLuCJkP')
     , (642, 'kwQukrIGkJ', '8KQHy4aguApfn0fFjLtmsCDHgf0TYZHqwgXKsAHxAocinOO67O')
     , (643, 'pRfuSegASo', 'nP5JXso6FT6EZyZ1M876XH2ZeXUtFgNaRk4NE0Opmkj6omdS2O')
     , (644, 'aQnPHGrDVA', 'zCn5u92uBo6DbCDZJwBLBwR3OcAn5nThYVZIXzhsZCxMwHZPUp')
     , (645, 'CYHTRDwjUf', '9XYXmt2JP1PCJS1FH66m8M7eD3XmHBEUNtw6MLILzOGCaiYtgP')
     , (646, 'bVOjyPIeyc', 'RZ91UCJYC2lFObs3ADmEQ9Ocdtw7lQETohW78cJxHUry4CVR6r')
     , (647, 'MHhcCeaUCS', 'yzxNKp6BhH0WLqiP9h4vJPJEO4nuEqZebT2Pcq2PkmTV3SM7WJ')
     , (648, 'OrdWZjRiOE', 'usVgXWzXvr7riRa7848tuQ7Ger6rlt2WYhg5hVOobKXbMdRgiB')
     , (649, 'zTgtbRmXYP', 'Nv1Wdh2lUPCLz4p4hXhhac2rEdi4qOXiGdbHt 474bb5dZvc3g')
     , (650, 'FBpNITGgcf', 'Krvb3x4aAI1cdOY7U94zHiBulC84hLfbQctkmaz0TcX1nSM7ey')
     , (651, 'NeJnppDOtt', 'D 4I8H2BHr4BhAjuZBBllZmEY98mvYESdtnz1caAiH8zN7tHj9')
     , (652, 'PpCoPtoyQH', 'btl0BYZFj3qU7wDJzbjWww3Q7FU SsaW bRGiemVIp7ZfJlWzl')
     , (653, 'xKFYpoksEU', 'jCHKYcoAx2p4SoOqC60wACCqFdUwZ84gNqiDa gh3nFZjvaRya')
     , (654, 'csmnuuQJxp', 'dys3vxRr fbjutD6FoQS2HI2mvqxSBSY7C6CagYEOtJ2u3VWiY')
     , (655, 'HhkUpkZsGm', '5DsPbVIwfPUzBDZs4REPrGjS tCvo3LNqw pc5Cp5nUWZfV2tj')
     , (656, 'IzrcnbGoEJ', 'obLTcNydw5wf3m7nhlyRkM42Zhxnns7pJNhhL7FOmKRUuS9gh6')
     , (657, 'AiycLFPUlQ', 'rPQJNwrFRrzinjkcpgTAbR0rkwZWV28VmHelpCxH5t2tbjPV9u')
     , (658, 'YwttOeBQwo', '9YPwRgq9qb4tMTvpO4bpecnmyR4TDCIE97m4fPlJlQfxbKJXLg')
     , (659, 'MfOSZdsVvk', 'KMFh6IfFhLdbpyBff KCMXbS7mTdsGqVap87KQNd8OK2GrdlHW')
     , (660, 'DMzgsckjDx', '3GwuQt4h5T5Ht2GvSe7RHR6lNBIXlbmgCT0p8xk8RzVjaaMjnP')
     , (661, 'nudRZKLCLi', 'oPOGb8ZVf2E7BR7mzyt 5VMtLSGLDax9TfW9t6PFL4X2HpyZ0F')
     , (662, 'lPRxJKUVzp', 'hhROwnMnDQ73hFU02sGpxgpU3bo5TavR2X0LvsjYP9NlPoYSC5')
     , (663, 'KTXNSnpMKF', 'Px652eskYs0IdtCr3d8uwtY5XD8qVx4Mmz9OfiSnPu0lE9G F2')
     , (664, 'kIAkFeZiJY', '6cyGCR Hx2NhIxj3mtN17rqo0hBS KashfMzB1zbeCs59bsLpw')
     , (665, 'nUdIIPnLWA', 'A7SoRb5nYmv0lUSdHNdXTuPAbXsazM6sX0CE4AEcGqZF3degLi')
     , (666, 'pGyudYeIVr', 'SM1Oz6nFkukdnG2YwK40kvTYtpXpz8aUxqtBZuJL7oCweRHz0Z')
     , (667, 'YuPHRzgZzK', 'oNScWn2EbkRhd1x0YzZd91e7CgyLrAovuOkbJnDUmJmJY 8M8j')
     , (668, 'vifxXhJPKE', 'ngzbVL3Z8CUThgukdFwmkmQtB7DYttIYy6px1JPQq2UM4YZ k1')
     , (669, 'OZGSvnTbrA', '2SrlMjge3UsLKYpqG5 r77yB 1Hh4L97X7Volrn4VNcHQSpaj3')
     , (670, 'wxyzOodpoa', 'fNUVqgtFp4cOR1xyg15WFUekONRFX22MfNWqR1X6 N J7ndVKo')
     , (671, 'MBgDgYqoTu', 'n9NezzZBlE33AKXRY44Ka5i7y5aH2QXSCxF Ghwwiy2puDYtK7')
     , (672, 'ICbrfJXuUi', 'XERuIABtz3zk  9J17B4pNnKqUXb6KTcwoQDpu0yQu5PuhhjmM')
     , (673, 'euxIJlXvLK', 'ecuUZHXfFEVIhSOeFd0ZBlkL13GbMnhuhKlR NiG RbKebFCuR')
     , (674, 'DYcWmZOmws', 'esEGikwwR1OeL0S rCDowmK05SRfon4I0zGKgYgI vnfAVGpx9')
     , (675, 'QHHMdwWPNX', 'FCRGp 3ltdzAw5OaCGHRPUMxocwYtbkiHA1MqDJVcxuah09sPV')
     , (676, 'RUcNdlYVrn', 'IKPChImTN0B3TyB4a8WCucxSyV5YnBwsyFSp1vkMTz1Z6aDjoB')
     , (677, 'EgnVaePwdz', 'p pmGI8DrM1N588syNW6wRFN JNVB1a4ehZeAxJVluDoUtOmJ4')
     , (678, 'sqhckIIoPK', 'XX AmfuxhemHK2iQu70lS  cbILcVseLKRNPHbMN7mQw05DRS3')
     , (679, 'MNiPFvxUoT', '6Z6DquCXG jn7EjOjc2u7YMwrvt4qFzzAbyk791d xG5HbMYT8')
     , (680, 'mvsuXINdTB', '9AmqxeltxJ2nzCTxTpdubPw nuUox6LjuPFxA2DzOvoXSJ9fac')
     , (681, 'YKqvNhNwQm', 'ItABDQK0giRUK7Ns0dbBEO 6AXwy45UK28VvKkDQUHXqfEXYxc')
     , (682, 'FxWTKXWnSQ', 'jR4mU9lOen4pge8pmjD9wEPZbBN2VxKL41WChBMeYAi6ENaUde')
     , (683, 'NeNdPeDzKi', 'h6ZQeCmpnhHbHSw0NALkbZDMtOpFWwZVGQQuO2TerY54LcLUC2')
     , (684, 'mkAPvEvzTC', 'TDtGeEI gYHO2Wr4XTP sBjGFSnW3wiXSOef15P12keb8jiI5N')
     , (685, 'HBYjOReRqI', 'HXBQPdQkNLVBepdqLlWrX0awvm Q1k7lN3PynpEuwhB7QTp8zy')
     , (686, 'VlKBNAdkZC', 'poAgqnbUfEyW9YaxZa7vRyr4YQgIkiryQ1QeSwIa2xhcqBplQm')
     , (687, 'TqRdXeWdBr', 'KW9 E3asCecKn 8j8gzEi03MwhiZnpSG5ClFlzfIrc9boDlXp3')
     , (688, 'rHNrSdfIKX', 'ASwqU7WFmmUXCuyvfCQOXJY srSRoOsSIo aIOOBjeeupLowWQ')
     , (689, 'xGsBOkGxwv', 'RTAmU72A ynWbRtvzRcwlFM8Iz3ltcQyfG1XtqHGFJDD10uoWh')
     , (690, 'kedgNINGly', 'esmca0HETAQVtXLS7A95Fisl3cUYzPxzKABGN3bOfryl2s8LS1')
     , (691, 'WlIHMPNMUM', 'q 9xRDB9rBernuVl Wa66xp2q9oXGpRhnFRb6l78I25oVvXjxw')
     , (692, 'HszFlJXNLc', '2HwtRg45cBj1n63qXjp2ZwCqkqhSO CX3Sahie5UPnwbIqNceY')
     , (693, 'xTmMyQtcsM', 'hJ52aP5ATccoZINhVUIbZqwH2TMJrCym9wESqRQweUxY0WerT5')
     , (694, 'AfDpRVydFY', '17VFRr0Gao jFK5l4oOAKleG6E42xkLJSyVXrX1u6 Y6sjNOQ1')
     , (695, 'OEFlPjOUnq', 'EOlyWAsud3iMp9y4Excj0w06FvhW88aoJkbF lMfYfrEJA9ODd')
     , (696, 'pbhIpBxpjN', '7jmDucqgey4fwdEgazuKQzHWBQb1NADn16K7tFL9vlbNKf7LWp')
     , (697, 'WmrddXXhfD', 'MNDZziocKRT6ZAIh8cElh3invfAKIKsSzSn3YVu8 WUj10t5PF')
     , (698, 'vqnuivPZuD', 'tayXwLyKk72XjPhKuOATJRXl1aqhWvx0QBwWsfFcOtAaPaclzP')
     , (699, 'BLETASWkoH', 'BYCAxTDSiC7e29UIJlWNzf 2A9iBhcEzNmGyjeDq3B7bHMUL 8')
     , (700, 'IxIvSWNndn', 'A35IK0Kx8Y0fIPrcgxjmgMXn9oKPlPuTXE1xyS8IZRGdEv4s4h')
     , (701, 'HgiqrurXlp', 'gi8JdLnN0J5lNmcjCGUku6fVJaSUC08yVe9rcWkPJTLjaNcz4o')
     , (702, 'HQqjvOnxfZ', 'm7g EcwGwJHFO3Iw27bTSGyy8sWI5ORR9h1MsI7o1cfhT2nd8R')
     , (703, 'KtELTYnECv', 'jJsjqSYh9ENCwA7rjaKNTtstbBDaKgzbHw5PDwUwrBjNZqLJAe')
     , (704, 'KfqSCVPwTQ', '2M0EvXF60nb9mMsAmcxtXp6vy06ZvwVtDCnfVBd37f7n5pRIby')
     , (705, 'ZeyfJbQnLx', '9CUW3TTzv6aX0JnAzLEUjbFvlSIyqjHCLRou3VBtzup6dkqnq7')
     , (706, 'KOLXZwmDAX', 'lXvqxNBSmEn5ZVrKPgR2cm0plhtWkFSJwmntTprrFQWMwhLNL7')
     , (707, 'PYUwpgAUTg', 'SN9LvSNDxjHG5sc6Q WQjYF3pQee5Nnrh5FRZopgkfPH7VWtfs')
     , (708, 'RyOgPkYoXR', '989KJHYHSC2nICgnKwLySgiw0f0xm1QVAWO0t9hFm6sqJsbVIH')
     , (709, 'QwlcnJOgmM', '3XTb9vZGGu8FaZyxWOlhjSMDmeGSJ61cPKJpzXjj5w pjm38xf')
     , (710, 'GmLXPBKTqm', 'j0lzRh3cgZ0REWXeu09EVuzatXvjLFf7is0CpwRpfaTPCSKY13')
     , (711, 'bHiNKKpFGc', 'r9cXJ1yF4zB6MIZzEKZOcQ1YkU0GMxOdi3H2pAS8a1pmLxz3mj')
     , (712, 'mQzhIRsQrE', 'lBFOhH5LaVbN407kJSuCRw3aMwWuzVcotbTswDq5x9KwU7JN0r')
     , (713, 'ytdPuaHZAB', '0EFJY8B9Zn o ILeXsAvnhJO7qgEztSo9tLD8T7FAlNcidTkth')
     , (714, 'RobbbyTnrb', '3Ap7LAu3y1ibKr0c0ooBeNUUsxZ3yiEPUtf5Dyw77pbd Nsmsb')
     , (715, 'CLFOrshAJI', 'JoOkhKD0DCbZJuN33seTp2S26Gxgr6M0Q0Uw3Rof5ALeqEL4ek')
     , (716, 'tErZdANJRd', 'qxsUq2iIDmjnuds WR4sG2Ua6mQDEY4 Aa24dZD P8dcMBB1ZC')
     , (717, 'ElvktAvpgD', 'F6YFSRUWivcn80fDI2zIdA9bo4IdkkcfMrax3WlNqir1t9Ki0n')
     , (718, 'tYObAIykrw', 'L0XF7o6tLqUd9kc0hNMXfQ5YQ72p5Xx4BY90lkDDOjxPTAiy6g')
     , (719, 'rIDLIZhfSt', 'JmU3SLbl p dr6 1ZVyMsOvrMd4adiyVT42R43nzFmF3jvvo3D')
     , (720, 'NKEWNaHHmw', 'Bkg FuCbwyTEOs1aDmmWwOHxMP37RXHDESxKvBkN8CrNjvzPY9')
     , (721, 'vChXrEXiUG', 'IHlrj3eQ61aLgeFOIPRPb7vnMBidnNPrKYzO2 NNpVB5OKd FI')
     , (722, 'UHxjLvnSJA', 'Tn2Qf bWpcLfPJ6YFNsPRf7w5Vrdc3K eJcb9NM54IXQT oyCv')
     , (723, 'jGIleHyOxk', 'Tk3JWBpT4cFaHbQQ29G04gnZtlHQa0xfB8ej8WcXT1Ohe96E0O')
     , (724, 'vCPAgMzdig', 'MUm oNfS5hFbZrzi1wXnlFnTLUGqKj42F8dXk2Sfi71B2a45vX')
     , (725, 'hBqMMWzQQS', 'ALlmIyxwH92odHDYtPo1zdCQIIieWr7uPMJbByPBe8cQ3z5Cvb')
     , (726, 'jXYPyJZZIA', '3ziY1Fp6RMSklhNKzt3InMCsRcNOfoQ8JemqfI6c2PdGdbUmfA')
     , (727, 'fwOxveNHaA', 'KVaMSrb3EsvYzG38nNRROAAMNYdrHa7o9G1GGu wjmGrRtpheO')
     , (728, 'iYNnVIeBiF', 'owc8FotU7TZBmaIJD4oml1edd7zv1vvIDQ5seYU3U7t4A3jfLY')
     , (729, 'ZsvYXwGBqx', 'ATFJOUwc80HGrbOBfQAcFHsZekZ3VlrljfBoZjRtnvWklPNa8B')
     , (730, 'stWnoHsASd', 'K K00cT3RRv49MbTF9VaZS3A8gzqsCbfkHxJcBA 2p4eO1ie f')
     , (731, 'oqRhULThLm', 'xLm0uPUm5nM0Euk5BfZgvzVDBN15C kKMA4Nmmb8ngYBcsOGZt')
     , (732, 'VXAnOsmLXN', 'z4lYiwa5BGIDCiurdcKmdpvF1s5lXWuW4vx2ueRZBTmF38IcdO')
     , (733, 'yUbqzrdMou', 'Q0jbP6PXCGuXd I36HBC1cPcKhXjZgyGtcWVRncbor7qhl856z')
     , (734, 'dDoayHwFce', 'A3NSGSEbOUUNu k2ccfq326PXJycFx0To nJD3OWbp3GtUIyak')
     , (735, 'YxtBleTXZu', 'PH JHYZjNyqIsOmVlB5sG7q QysPCnCNhUJZ1IjYXVVlsvjw7C')
     , (736, 'WMgFjrWGTs', ' EUqiqr9JpJhJPK W1dC9cmq7nM9JofrIVJlqiVmx2cr90T5W5')
     , (737, 'dClNujGnAe', 'iMPhrpDHdOhXch5pnXqSIlgigSJ6N6FNkUXyXnrI04ICbqw03O')
     , (738, 'mowtXQfeFQ', 'g60kdDRUk0R7NAe8t3tifZQXeHDhbhmxxsHNLtsPpE07wbF2n6')
     , (739, 'EeYaFPfLTb', 'b4J1YmBEqwo6rTcnxaEU53QmFXiaYZykkX9b1eVTNJzZESBkhL')
     , (740, 'RoumBGFNxF', 'WiDOMkVhx4DeJWygp4W1Xlv7cg1Lx58hacO43zEIgl7dYiylT5')
     , (741, 'JQatQYAerJ', 'QTv8y3NhEaW5Plqw2kmQlakSh6r7Gz1uWpOwBJzBhqvLxx8MCJ')
     , (742, 'DjrZXjtYUd', 'lE GRGDjpZwC8jOfWi4HF9i5 gGSFXcJEOiQIQ zujDaH2IfO0')
     , (743, 'sHjGXfCKwo', 'TowYWZ0sNH9UuGKf6d33Vlg7HAxUWzDCJ0M1QumL jXE VQmrO')
     , (744, 'YtYZFkKsPV', 'SNcOxueL6r0RB6VyYW5pzsOLWE RGaFeZEjyBvcuqZW9ZZbUyj')
     , (745, 'NXDSzeGVUt', 'HCWq2F0w9AI1xYs2eviAIDId6zC9PNhDViX  s2fdUKoCQ1bIo')
     , (746, 'cswcvdmJBp', '94tospZWdGqwtReqEG6uqf89xEqi048bifpCrybORCmaM7kMTC')
     , (747, 'pnizlNzdHC', 'TrhdCNaskYvk95yyxuD1HguGkxOqhJx10yVQmYqd8uXaHev2Cp')
     , (748, 'VRYEbEPvNX', 'SmbYgA03KggbQuslK3vbh51TVN2rABi7WheF3bg8DAv1y59yd ')
     , (749, 'YuaIQaiapM', 'HzlLZ 1tiUPs50lVzi2gyHuzN9kElU3Mjm tTdfVduHMxGstxr')
     , (750, 'AUArgsBIzo', 'E9hcqubkXuXfbPrGD2JePEbTvdarOrgL9nlomGIkRfsU4pGw a')
     , (751, 'FguPHNOrPw', 'NO9Olj4q1sk8krOUHIHWmFM q25MXlK4jTgLmS7yLWFOR5meqv')
     , (752, 'EaNFslalMv', '7pVFz9h2KCGPrk2KyBudoGz0B7MQyexvQ9XeIvuf6zHtNE05XC')
     , (753, 'UxvUJgaquK', 'idvTadDPiNY3io6k78qCIIlbLxBBjXdNHWvVFW9Qf7dif9xSAl')
     , (754, 'OxBYmPafmu', 'UTftv5sRb 8cEyO00yM8qJkIpRKunbrdw5anEsc5Zrf8gKvCMO')
     , (755, 'ImbxHyBPFu', 'N1yc5MTZnDt6DMdU5 TM1jq 8NzWT7nPDYCqG113gvMsBQ9Syy')
     , (756, 'zNorFYbrNH', 'nTM7fYwvnE6x7BD f2gIYBZKgOUhhCUbAktJyF2c Lk3leShML')
     , (757, 'RMEVBdblUp', '9YCVcem0XCmFmvkOiqCJB0oS2xEaWoua4vWrLoBPoDzpSUGvgC')
     , (758, 'ggbHDINeHL', 'XtXjaAA7lXIiy23rKzSq7H52ariBIgFymwenDcin9pi04fV6VH')
     , (759, 'TxMxRQbFwR', 'WnIrpBkrlZfFPV8jLjtB6aexTFmjugoprgpKrQMqAGc68TqYr9')
     , (760, 'DONhzjOgYR', 'IOvmeHF01vFpqlxMlSI9FkhyNHbnyerQEdvqvDUlpYisUeJCHP')
     , (761, 'sSGBNTaTmt', '4Mxf1XOUxPTUDW2wT6TewcVYSDajPZIZDmAd4wXnWfPTmMmFHJ')
     , (762, 'RahGduFHQb', 'ZyvmVB0HscuRVCwiQaFIhWBFW7NiDjw1uzw4Dj4ilf3uUSUFSr')
     , (763, 'bTSjRHnfKk', 'iVwnEwlwKqm5qsTgNzDOHDUAhpotdeWeOfDfF Q7qjAH BZHom')
     , (764, 'gWwthXIwui', 'q5of6cW6ao707E5tUC2Hw1Bm2nQUF8t8kvfxEwI3eH98no18vY')
     , (765, 'bGFEuxbSCR', 'sBT15wvsb FKquACkH4Xx8tHeBJF0XzzJOdewFrLQGuM9kGYjw')
     , (766, 'uTXPmgzAYQ', '8P vAKY4Benqq4Na4bTfmdbuEJM2UxyjnAhkc9N K KYoSBfC4')
     , (767, 'TqTvMXGQeV', 'nuMXkU4VfQETQoSnRZgQT8cOLEQkxHtUA1WE2p5DsJHtvp7DpP')
     , (768, 'eRDlGmKXRx', 'f9ngdxawhObnUX4jKshFLMaF3UM6lQr0 tgW23DV34d5mFSJ4Z')
     , (769, 'xbjmuPgsKu', 'D1RjvrWvejZ7 vd4OpvWpLrX8zBajvrZm0zMWD0fd3Egax tdy')
     , (770, 'uBLsLTdsqe', 'gv00Sa0GhSyZB1E2K6fGRSAVc2det8Hyfp3HtGBqR1UIb2xdJC')
     , (771, 'INFZwTDEtD', 'P2UvZpiGpjrCK2vEuhfKhIzoNI7w0IBNGc2EOBtMLzpgVRWV6X')
     , (772, 'RDelzJIicr', 'gLh0ASVb62 ubsAClY6pUjHsZ6EKvT8eu Y1tMdN7Y7NltP5JV')
     , (773, 'wkvjxfnpJj', 'Iz8TiswZBWyHr658sjZOCoKOzi2WgFFvGqepSPLELJojcsBNoz')
     , (774, 'umqvYLlYKX', 'X0FaT6Cklt9grIW1XmFlgnF7YwnJwy60Cuw17DFhIhjQZ0OEI3')
     , (775, 'XEWVNJAWMr', '5L5AyztvIAgL0ypV0kdxifmth7sHJItDQKnka1 shN30jy0Zm8')
     , (776, 'PYpSAGWdHJ', 'A7n0PvdQwwDAus08t0nM xG65Hqe K9NU9raEHCjzDPHFN5qE2')
     , (777, 'ZqgJTWWRlE', 'TrmXla2 Bybqb6L2zYsU8WnYh58YuDyxTScIKTEoAhkz4P7YIa')
     , (778, 'JNZahsXIAw', 'xYbZLrNdsVRb yRvJlOl6sd02vn9fku49tMbqBjxMlMydhbjVj')
     , (779, 'dMsnyFOtRm', 'RK1IevmKmBK7wX2nKo7fRSLUU39P2T0TypUwNNIWv4z0PcQ0ja')
     , (780, 'ZjqbgyxloI', 'fQr8GBQb5yf1vMuA oDnclDJglXY9tKf1jKqsh90TnmHz65iij')
     , (781, 'LQyKTMXweL', 'wM1lYiGhIlsTIJ6GSGXXAK4JmJPypl0aaYuM8BGX5KCBFSfWVm')
     , (782, 'yjCwhgsxnR', 'zcoPitJBxk3GRWkxRIlshAGsM5BvFjAOxhsjJqkf WEnn4BMK3')
     , (783, 'jZjAtqjSRB', 'QUHSvIMiE6DB7RmXou4FOwKDpotwViOh39YIRY8WnmNEhautoT')
     , (784, 'vMwcVvYYSz', 'ezf1ilyMoSGdk2muSGNl3r44vhPFNrIXS6ugyL5tCjM6h0cmJg')
     , (785, 'oTlxcyEOVN', '8niIawGsFcFkESrMRVY8clXVamLdk HkLHkn7YnortnE0gPyrX')
     , (786, 'RmIrPSmvDl', '68d7IobOf6qP30xaEEP4q p1w4Rgv6ykYARS89ZpvFY VowB5s')
     , (787, 'HHaKOluuYK', 'LK ga1IvUcsrh6GIf2B96FSNC66Y9h78SGaH5TOc5JfhRKrveS')
     , (788, 'DopvqdwBXa', 'QyLJHuDmL3yuJa5LDyBRdf22GoPAOUlKWP ulqqsOk973FS8vO')
     , (789, 'WcpCVoWoWs', '2KxCiS4GkAWSt6r1wXIBPq86KIewTU1Vvd4L9az QEboSJK6v7')
     , (790, 'JmggdnnoBj', '0fhmtJGozdcjTGJX91lZv62pOp0kcRy6xkdSPwOjTGpUT2nHYV')
     , (791, 'hBQNESwWaw', 'mF66op4DCaohwoEnRXhmmvS7xmqD45Txw9 Eh1FQX8ZKPUQ3M0')
     , (792, 'XKNFsknUHh', 'PifzLOzAtU2VgXuLNjkW8xThQSyq0E6qGkykJVwo2UjlOIvRlV')
     , (793, 'BnoOVlSHfd', ' HncqjX9I9RJ3K0cG6fOR4YH6CBAfxv qu5TBX WeWsM8BJJvQ')
     , (794, 'EAbiMnQOQj', 'pj hl93ql55YLGVd8tFOKhbYVU1uUlV2 EXhUrAok1ajkpk1EL')
     , (795, 'pJdzJMElZp', 'fgDH8FgjMKSczkWCAR1wrQrO8mbjQdAkXx2iPJ2YqZS8MDPYTl')
     , (796, 'VPzMYFDLvP', 'WQ7 wgzVb 0k92lDxubkjiZPqAbdVnv3ScfbTAX RlWLzBl pH')
     , (797, 'RGtioWCLhn', 's5hAV2H8d2fEYdoW5sGGB8HYf9VXgLob6TZPJtV5GOJjBSRjRD')
     , (798, 'suoFOsRZHs', 'OFg0OFwXqcbmvmkIELkAZrFGygsDa9rnSsdI4eFjCzPWfw5bhc')
     , (799, 'cdTIuZHqRh', 'kjsQINu2Yc30T7ngmffFZm7hm2s0Q0gnt9Q5s8 pWyZF2r589P')
     , (800, 'onkNnwWTYB', '7JjFcHSM3Hm0wD3kGVv83h1lih598wqtrDKrS804y8p3E1meMe')
     , (801, 'PjfATTVavj', 'cIaTKpPp7TbkmDCGAsMi5vrLZATrW8wI e1CuPAyi97TbaEj2V')
     , (802, 'sudTesnnxL', '7Sat4NhLDT1wQOsgyWKQNR4LAJDoqU JSMzRn1Xw4jbMYVeGr6')
     , (803, 'KbVQpuedcV', 'xOVybaExS0PSWVMWCfgIb3M1kZ9xZJtWRiCooXDhlxHkYUbjNB')
     , (804, 'rmLdcaTKeV', 'o7QZmi08cHkuCTmYmZZ7awypGct1C1TH80eLGEHzlHgJnW0XRS')
     , (805, 'FnuDGiayrs', 'lhDV5 wEYKqfqUQpIi7XudYIV22lnW3KLhijpohlzCcWGcYfZq')
     , (806, 'MPiUjLsPBB', 'agq8ryGFGoG4V6A6gBPE1azL3cjF29RNCnz0Vy99ZyPobeRl6z')
     , (807, 'wxApHkqHqF', 'Hy1hxBriba56Ctcqq5QJqbbVbsNuczYrHQmoJzmGzNDvUYVnyL')
     , (808, 'nLtodCtXVU', 'QurdN5TNeSg2Yj2e3AoPEMp6O8mSnWMbihVqs9iS0d2v4AyRLH')
     , (809, 'zPAccxroMA', 'F Vdeb6okaUG3ecNc8FSZ9v6BmK2lbXDNHmvQLVFfKEhMvrCYo')
     , (810, 'CVMzcKhKSX', 'tM0EFRGA8aHDdk9LZdEb4TdVwUo5UExPhocwBRWaki zmS gLt')
     , (811, 'FnMpALKdpD', 'mGzA2alLkI5cNIhaCopee28U76KxyiYmFjwfIPMeM6WiJ7UPFi')
     , (812, 'NGuezqfnon', 'bLz2kaHgD9O40y8TSWZu9dr457B28wPRu97FBiQoQyM5xNPhR8')
     , (813, 'qlzuMwWdMC', 'bgtqY9n20Y0KiW5BmWeyIYHC7b6sWcIMur7ZTxdSazsbCDyJVb')
     , (814, 'MIfmQFRZde', 'an4hYzTxhc1oqa8iDYHEYniUSaFYarm5VjXOEj9xwLODXHv0P6')
     , (815, 'bXpNVLEGvI', '4l0vDCrVshTuj1H1PBab0ONCnfGStMwrFH81RqKgpT0F0hSuuc')
     , (816, 'IYcdhTlGXi', '7R 27pig59A5RqcPtmgJDpC8Jb1u3yFR3J71O6dmWB3YlA9zx ')
     , (817, 'ygbqUfpChQ', 'CylNcWTSNNUvbOXpJlCee7OGVzPBiAOjTSTpdxozSdl2Rs80J1')
     , (818, 'GGoPBaQQGm', 'CiT3nqR5Agx0b5YlojZ4xx7aTZwu3j0GSH1NJQj4iAZv1bRUGy')
     , (819, 'shxUAWTQEA', 'WaoAyUaYIAugxT bEnGSQzoD42nqkk5ZmwuEsmg5MfEdCEalnW')
     , (820, 'xUaDqDIGfi', 'uw1Vju6K71tldl5W0ivT7rKOpY8KB2dUyitGd7 6atWuf55oO9')
     , (821, 'gHEsIXEGbb', 'UGdhxEAi7vYI98oxm7oWlbWT3HyjUQpYcF7wYdNPckd5LfKtA6')
     , (822, 'oxTNVAVWbp', 'hyie1vwp1nbHET9JxetauQs 1i9WohF0NSzSstRZxne0k83Spl')
     , (823, 'PWuOTPowdm', 'mKG JeO6Izjy255GZN GwLai9N WnL0YKT1QifdJnN6ICHZeHu')
     , (824, 'nHICrRMgux', 'DQxQ90mw l5dF9ANzg3aqvvORe7P1H0ezwIqLev3QwzD7QgdLQ')
     , (825, 'uGxCzcUZVE', 'wxSz0hLIvApyJ3qFkOCgl65aWO0wePPuYbf1ZQDJ9pippqqjaG')
     , (826, 'yaRQSANolr', 'yBtKRXcJjerR 4irMCdBHPRvJTis9OWjPz92CwTxbP0KgIc4yO')
     , (827, 'ynGsyewanL', 'SpMiW3iXVcXFMVV7ywxpXAwvYz9itQbxV2bb7o449x6TrQ1xKM')
     , (828, 'JJUCiEEUox', 'W1l2NjLj007neDDxJE1lyDeqw4QkE8mK8 hq1ymr5hvKCbxw5t')
     , (829, 'oRwnJxaxbP', 'itEiM3U6GqE2FnBhmGX1UTGgxyJwWwIjE3uvNxn3sAtvjD5tBx')
     , (830, 'CuApZcdVGr', 'h1ky195nHUC4JzmWq6c910J5KQVZLEb3H8iK3RLJsxeql5rkFz')
     , (831, 'zeIhlDwswK', 'wW6WsQwO8oLmIwA38gM93sAviUqC7XOyFg905T1ymBy sMMnA ')
     , (832, 'xnCnxRBCqJ', 'lFKszkeDcv5aUtj sM515lWmcTGsDdn0UP8I7ifheBAIT3jjkQ')
     , (833, 'zDFRRBoaVX', 'j8wzNboOVXZcY3NsmkJ2Av1hX0CyJFXAxZ0HHz9O0 X1bTXn12')
     , (834, 'XvFNMgCEpG', 'NJ26d3Rb6T JlaRLkQiag3eTK  mj 3Hg1LmQSedoiQ3ovEFFi')
     , (835, 'safZEAFGdf', 'iEi8yKoIc5MeOp72ruKuWXaVIGnqVVJF2z1Uea7mAXt4H2Ug2t')
     , (836, 'BFeldKBcpm', 'kETM05 q63iPUz72P8oU3eZNU6JPXuIuq6lBp1Dfn4dQC7NF3b')
     , (837, 'KDhpvFCPrR', '5ou9aTlAtyISfyjBBip5SefX98BVNrYZc2 USEEfY5DuaXwTDv')
     , (838, 'fmSWDrrfQI', '8kN0S2 yu6rjCczBc5w1g9aL0Kd42mirPFr5j7r34wSfIsX9R5')
     , (839, 'CGbcOZQeaa', 'BzuTvU4BATsA63 q299eCAMXaYUtWHHdfN SG62SQ8US7j1Ex4')
     , (840, 'oAafNsCnfH', 'fiXDeUzFND7C zDfNxGPFwjwKs3uqnrnLM94kG8zMMixo2A1lk')
     , (841, 'uRRyUcYuAb', 'hwk3NP4VdWYtS84Un4x3c7ZYJy6xqD6fDVAXz u5sa3mgSlxoL')
     , (842, 'OVlitLkCNp', 'MMwI8RF7ksH2W0uPnzT6Grpo2BTpie1dGcM06P  YU4rK9AIy3')
     , (843, 'JaslIVWNAg', ' 2DDCrTczG5Id2LFhZxmcMUFFzJYKGBwPEmhtmbAmNLXIBIcD7')
     , (844, 'tokqqDEmKL', 'LZB0h2YNFa6t3aqYm2U19mN2BdaKjeMA8xqpat22C0E24zi45D')
     , (845, 'QeeYMkWHSX', 'QVz0iCY6Ty4OPP6lXc1pC2lBftTyNa95VFvE7mlVWoJQqETDzl')
     , (846, 'mrvoqmOFZh', 'AOiCKWdwTE v2fykN gyUDwYAET6akr1TXQkhOmET80iCuvTQh')
     , (847, 'VHtBOSmwoR', '2A7N32RqH1ykQW13jB0pB6QnFAqP 8Ylv4 9LmJRt88pZ7AVIe')
     , (848, 'uKwtbfzQTl', 'TzACpFkPJQGRpNBtDUvaAAT f9WHntM7FcptxTVmpJP7ZsSq1K')
     , (849, 'VAsAnCLBMK', 'G89IvV0VXPECFpGADykdYlNST1DnChn81A53r90818BXk7faQ8')
     , (850, 'IBwsxSeAtv', 'Z6BiG2W1zXM9wEtpQJxYAbCl1QjsUhJSplkvtFpvmR08IyroLh')
     , (851, 'gOosHgvrCd', 'I8cIEnYQ6dxoePA mA65Wi1FF08dRRhtxj5t3AYLNoTwjthchT')
     , (852, 'ECZaPUqgtP', 'OQ XsKy UbUL4VZJdTewOX 2MJsT9WUL3SQ2uEhHXdVKwpfg8I')
     , (853, 'ilXrwUItby', ' BfxhnGdmHDepdOpKeEMMxIfDwVpJ qhSew0ksscKwU7lkHSbi')
     , (854, 'hExOCZawVr', '15EQ1tfn526oEd3eoDdWVaFlfbCPBMnDXQ4iFTzSht2jqXrSpJ')
     , (855, 'OIKSDJJXze', 'yY4aXwQPqNPgaM GLuzO6 0vfOiiTQ8AVvNNUkWBYKpMxAinZi')
     , (856, 'rxLdaOPUlM', 'QTBnEK6K66hKPtSOuUEyarbI5VtkMqVQcWhpHcbZNjgDdfZJyL')
     , (857, 'lGvhWXnnoP', 'k9IG XzQdG9UyTA OswI0eKtXdHnu T6BUhgcgBJnRT1IKDweS')
     , (858, 'DmUZuMecvA', 'KPRISXWBnF1qIDWCgdvHYwBP5G1fQ32WS YEOXruG56qX9Bkxh')
     , (859, 'oKkDapwluF', 'NDcMxwlQ5gAE QIVxM2AHS9VLG73CDdjuxBOONTQdDOxixPX1Z')
     , (860, 'AKigBbopUl', '72WjTUIFgUrXmYTIFZ9Qk52 Qy9iO0beGyFBTKLbRY50jtbYDh')
     , (861, 'ebGFUudzUi', 'KKlRpBNBYnfyhVzAe0marXy3EDhFFp1C3ds XP r352nIW4cig')
     , (862, 'yUiStIZSyj', 'YxTVHBuBhbQlyr 6zrRYbz7N24r8pJ31 TOqhyeiiH0yRp IqH')
     , (863, 'cAqkuZmmhF', 'rYUFcou osyFMcBryEgaMKW0LMzORgJRSLrbrgjDmhBpoxhrZ7')
     , (864, 'WgvvmAzaXp', 'jLbXU4Faf5ilxPZ1AQjP9hvOcqb7b0uqksHZz5DgkLMKwOnein')
     , (865, 'GWIuEOfTWq', 'A1zxmNF0mdkZqgIEqpR9b4SyEg3AlINTYEo facw2Ad5T QyLB')
     , (866, 'KSOHvQBYrm', 'jOqBpT2mQNp L4mTOP6dtxCGeTd1m4wdAlG6idpxaJNFvXqovw')
     , (867, 'eLIunBYKZh', 'O66gZgy2zB0ZdKVO9cua6O9qiVqqIoklw7Pkr21qqQ7bidub0H')
     , (868, 'SzvQcaPgdJ', 'qSy5OzVFYG8qmLPmzysPhwhiMvTWhBKO soq0hg7Ezdm1LIVU8')
     , (869, 'KqJtTdMwJl', '0BpzLrpOON4cTWCyOmVd8zVX2aWfTzVcuq6nhoBqBLQsdSwGM1')
     , (870, 'WMOuEAbfva', 'YM914wqoD8v3TZlOioPHwTUf5h0Tir6SIMf90J40ZAEKq kw 5')
     , (871, 'rtAfrfiVQx', 'B1eD0WbRTCfKFvKGVoI67XpJIVGTecfkczIzUPUZp0ieN3Biv1')
     , (872, 'uqflixlBOE', 'cpzd5n3C6FNaDJ5ShNY78vjMyW8VgaFlSJ94jKvDSLBQobBwcZ')
     , (873, 'VcuQCOiqtD', 'qcqdR8lz0OQyLsCGxIGeBY91CJ9mlsGUFEQHsG2jZkFTrReygc')
     , (874, 'JXGDZhQvtA', 'GTKwZ1mDMtKph1Xq MBe5JW13hrhUIUhxS8mBckboCQ6z27z6z')
     , (875, 'YKSEwtMBiC', 'UDClzZ9xod2zN3xZpjNOptCdwh41la31rUMCLsGpmGAmIYVpN5')
     , (876, 'uXmebrDYNG', 'g8UbfekBh8sJJ SbE7n1Ynwy43VRdrHFxDxfoM1oRGNORa6s6N')
     , (877, 'aTqctQTfdm', 'hTpyRVqiquupvcK2nuuPODwazkIJr9whMRP3dUZgOr1ouHnYiV')
     , (878, 'xReIgRKTjZ', 'IbEVLr2it9cHlwlmJDPjJNS231QaZ2mlviU9xKDE3VXJa7sTtu')
     , (879, 'UZghnnhpoV', '7WjeiN7O jiTxbsQKtoQa2tIlUdFqs9NToLihrnzvbmaXaD2Me')
     , (880, 'hnbnQBrJZX', '4KBeGyY0LDysDIhJWVXZEdqCn5BGnrQUljaTqHYScZMK33ukvh')
     , (881, 'JjvLSRnNlg', 'BOIAx6326E05OteTb3hHDu2iajilmNeq VOpqBvehtQReVV8mg')
     , (882, 'VInJxYkaei', 'oJrMMtA15lX4JDa6IraSUnuiOYmc3loizItQk7WYehSKbnfo0p')
     , (883, 'MivBQLgiBP', 'sPUPl8dlRHBdTD0nzvkNB1UGwhn3a34NG qdYsSB8WM ZxeksH')
     , (884, 'BoYbddXiEk', 'zbMfNTwnnIbsobHBGy5bdBctDKoIhnJFJ3 JKPfD5h3nwswHKe')
     , (885, 'ubbBVUAsrX', 'PqpB0b4y5RPqYWaOApHSUim w9L42VARgDLYCZdYw022j5bCqg')
     , (886, 'XpLuykozXX', 'AUulmEciuqjKnN DHuGTPtq3VG2DmoXjyOrDGSx0jwEcwCoCCb')
     , (887, 'MYLblThezN', 'tze7nDBn4W5bPCyvhXfyPbyHaBlRVQht5owxe7vug6irRuytwl')
     , (888, 'YesokmsaaC', 'puGFJoPhGqKmfOk oiQyXxR98e4hB19o0iPS5 rCXIXqXEmDac')
     , (889, 'kppEJZLBjv', '3bZSZU68FPOnYA wbTBb58o6vtI3fxbIOm8l2OvaK9F0ue32EC')
     , (890, 'fRHbzjTDCF', 'HYeVMgK0urVaJGZDZNS5SfyJLbjgSpjbMTcjfeWoo8KSHfH6lZ')
     , (891, 'sHvzFCZbtT', 's9u VJfGoRHhwJGWOsqfo6ajQsAiJBc80LDwo93wau7Dn62pmq')
     , (892, 'xThfzFnIsV', '0Bz9SBQ3ycf9T3AbnxkFtu0rEzIjVh3ntvKhu9RHBNolX0WM27')
     , (893, 'BxtoeBWcSa', 'ISwPhuzgwlo2LE4 dFTth8aRKFzJZw ZuyqHE0YMrxwHqLKF9e')
     , (894, 'coztBYogpd', '1q3lDuIE5dD65fTCMdWJSs2oytzth3fZnKOpi7JBp3gTX0S3Qo')
     , (895, 'xerPyUOtKx', 'QzJxqZ394hC6IgJXcOwNr31AbmrOalyWpWah IxJWIFXM69L1s')
     , (896, 'oZZlEuYFVa', '0pjKWjYgzih W5Hj7bnCyG90YmsTWxqOZdvf4ZM1xK5Oul5gQS')
     , (897, 'TEDLoMWpHa', 'EGMgdZxR6v3MhnLj7uGTXzwvtSR6PLQh wmREv65LgRcDeNjYD')
     , (898, 'SyWtuEBfHG', 'qzj8yLNGekPXmgGrjxGF2c SedHriOSx44f65Q1Fd5V8yI91mc')
     , (899, 'TJOPeZCSrL', 'zBsfXmoc37JLnxgP 3Zo S2b5IqGE7tFi3o3uc5 DGV75cIo H')
     , (900, 'ExGuYMCNgg', '9ggYHcDibrNX18zEI884MDY 9xJhCVg fDuuVSEKEWdGla1hIV')
     , (901, 'tPmoiYQlfe', 'ZG0zHX5j9YRXSsqT 6apI2QtG9brBnyfhAqwMb9COGmE5UIsX7')
     , (902, 'tdEQDFpFKf', 'm5EG218ELla4uEbv57V3Asv1MERv35iBSj55SJKPy7vZ8XYegE')
     , (903, 'eShJzUeYmZ', 'ZU6kTN pe2xJglun3tOi61SU8Ss2 xmPUTxBNMPr2bnK RM3Gp')
     , (904, 'MblnqbYGTI', 'gfCAjIvfoqCiO5HpcnkfqoGjb1LGX5No8jTFLfPQuczkco4Vj2')
     , (905, 'GQYqIjTFhb', 'Fk0nAnfaNDc6ZuvnFgx35Fvj12pP9vnfnVl9jE6gOHnKdwCBfm')
     , (906, 'lFBOaMftEQ', 'bTPfuAPFayaTcluSHHVVsC5oy9A3zF7cw1kUXrGqUVmmOLnJKL')
     , (907, 'MlUzkdcvjR', 'xMyE4QmmJD0KbAKbSnxkDrCZQGPQTb9Jeoi7KwalIHkBixXpOd')
     , (908, 'MrIRviZSPV', ' VSJWnqvc3mOaOX5nUX5UR2OS8oSAYkOsmWOfmoXiEuCLxxDo7')
     , (909, 'psQocBKkaI', 'OZXpPY5af OCnx8hZPncVVuXm0I7VTnfi6wk7eDN5kzoet2p6n')
     , (910, 'hRufUAnJiK', 'hljzskNthZt340TenvdpE4bgIFr6N1ChjGPkYRUEpe8y6vnOIv')
     , (911, 'WKnXnITvfj', 'kgacGW3JKKoEvINp1DJq4pCoVVS2Zpq03rr5a91PY41h2vNsGp')
     , (912, 'slhRYAIRdf', ' cjJTtdi3CEOqqhooZDdu9kWhHwXOPWFtjTwagpowKsLuxOAzV')
     , (913, 'IGJazWegfk', 'wmNKENnkdq6djObh8txn2PwkD wVhlVuiz SvXbMPmDL1snlNG')
     , (914, 'TSgBTczniY', 'xfkgYkYXedsIFH512A6QygDtOprRYERZTcAkZsvOVFZfb66udg')
     , (915, 'jjTLNQRbxo', 'JqXaLMSyD3GZwqxB8EynY3SuuNg4fKNpw bqSkT22w G5pkKKO')
     , (916, 'IRtfxmsoEm', '3C2H36DXDuvdqAgwJs8mDlND83xT4u1GI29kThg7NqKl2CveFe')
     , (917, 'VstHqUpjij', 'AptfWOMMzlJt3V914pSnzUQhr2OlrqbmCsLC0Ut5Vy6AaptVkL')
     , (918, 'utiCnygAtt', 'rQRGZ2CaOMf873OA1r3wZnSNSDI8U2hoyqB35jRkpLREY27gdr')
     , (919, 'VGPvXGbkPQ', 'yQNZbcpPa1RY2HQ10PoNJ9JY7rTQhC03pFTTuODsPS2u0GNy1B')
     , (920, 'MkfRVUqmGP', '83ZaTrmEg49RNWGYzTbkQRpfiaFBNa8Ima8OBPvDRgaPLdtXqW')
     , (921, 'saDOKSekQC', 'xsbvilb 1jJwinkVrTbDMsTHGDx0eIWblD EoSyqDt28jN8IF3')
     , (922, 'OEoKZftdOT', '23EXieMeK4eFmByjRC4QE0PrFQKa4ibPWqQLl9sHuhlUbgf10L')
     , (923, 'GJnDKQHvNH', 'jpbPGEcauhwK9INIBlO3BL1YUFC0EbPe108Bs3cJneGaaqxmS0')
     , (924, 'eiGyvQfopI', 't6L1mp ir4qiIQRelSlWIMkYOkJWFQYk9FRrNo3ydIVu WPanp')
     , (925, 'yxKdqRXfEQ', '1FuSHtLHLd tTSDWR5bayi2S8MOVSBcym9BsGyuQJhifHgpNYb')
     , (926, 'LsLQggAepS', 'HqkJ1J76Nayotfh1wkHxr3YE4gWuHsSgPn9SQBnpOik6al2wVn')
     , (927, 'PeWNAbxgbL', 'bPSrvlQbVYSmNmbT1BPQnfpqUmvxZvGuO3jvCmk1jkgOFg8JTd')
     , (928, 'qoBqeCFeRU', 'ea3Iid2JDo Xy1qm0znIGgQBe5qwLETuUIEj4tCA8mr0aXuQgX')
     , (929, 'COHmfJNsnw', 'MsK4v0mAJy5dt02vtlZSb8mEP5gjpcRJN Y5FfAOK 8DgkNhrx')
     , (930, 'NiuozhYdmA', 'SM1eOINfVNm8EWqfunuHzmP4rCBUIPiZgXZyEck63QGUAnKjMz')
     , (931, 'odUyOkEwRk', 'FNXCHZHQ98cqOF3jwL7rYULMTSQX0F80pQti7rSwBzSQeGK5nt')
     , (932, 'WzMcQyfaAI', 'o2tCB95zN64sXsHGP9vlsGAmHoKwFSBiRXVguvUpOFZ SajXJf')
     , (933, 'OIktaTJHma', 'z3m6k5TU7mQTYZs66IWE1Q22nb qupXkA5uxAOSXjL62ktYi7P')
     , (934, 'zyjtyUEamP', '4 mA700PCjfuWUbk0toCKyl6ZH7iYsy1jIF0MbiMUYW 651fEI')
     , (935, 'rzUTgbZfkg', 'GM1jnVml52ffe 7TE1iwihi7j6yIrje4At6uilPwPWvRNhgvYz')
     , (936, 'tcaeAZmLfS', 'MbYQPOh4QLpaIW3LvUiFT sLmN74hK7lznQJna4e7QrQMRSDpj')
     , (937, 'PNlKWxvDir', 'XkoUV2Upfyh 6or08wlcij4LC 24HVnDNkojVDJalYBetiE2jL')
     , (938, 'ZsSAHHwWYe', 'Vg5UbigEr 2yAhpCCIA6hm6d2DatqHU4 4QGkWQEmSzbeOroB0')
     , (939, 'RoBLPisgXx', 'B2TifmBh7eQEaDNGlEfhqGa5PMSXgo5HoynhJuv3hjOch3Ytn7')
     , (940, 'TpWRsIKMHx', 'D1EoiruhoF1HHSp5mEn4enX7cVFROBAyIAOlpeUOIEzvNtjI6B')
     , (941, 'pribWKPnXD', 'boCN3DzvK3vnOaQDc78eaQSVGSRU5Exw4advkwhXJ81KisIiGy')
     , (942, 'JcvYGqBkcZ', 'LZnWyhA0em1T81VscfkLsetmij7uJ3mIKtvZyZqZTpm8mIIU5Y')
     , (943, 'OpyPQsgzIW', 'xJGWqrFdr51B7dTJvtVPx KKrM0HqAjxojFNlyB2gYRvmJiH2P')
     , (944, 'oSqyRekNyf', '9NRB4XKwTSNY6oj7FUEBLopboDRSqUEP9Aqn5xs Nn14MyHHVP')
     , (945, 'jkddDhZfEQ', 'E317QDcQYUT4V1KJMN2pb1FTrkVlbjrBZRUWkH4V7xuMGRZsBj')
     , (946, 'FOdDcBSRcu', 'fcwX8xSbJ4gmV1f0O77i5RfgxO55E0S1kxpI5H4uQbOuxQX3hw')
     , (947, 'llbLJBPhCv', 'KjKF7m3EkIs 6QDZ hgCRsILXEGqGWP3HMzYmS0z281RJKAYSz')
     , (948, 'ZOrQHTCKak', 'QLWG oV9EEOuJf5AsBBSZNhZYQZqVdxIHSU7evgySHkFffdiVY')
     , (949, 'AmXaWnvBYB', 'NPidhWtiNDJpb0NJYTy2xq2qLrBf3 yp75dLSeNk RaKgLciW ')
     , (950, 'iPMJjbkyJJ', 'FAeb69YR0toXFKDz7Pwy8A0xgViaL4sBUVX8hjheMyg0U4W4Hv')
     , (951, 'RzhgQlFFfs', '2UMtGxIm7WLHfIYjK9foo5KW1bBjO0fItU5S CxHoK9hqNNa2X')
     , (952, 'VpYJkQDdNa', 'r9XJhCiJ5yXWORTTvJGnUZmAidtVwdibXID64Mgh0r4KvoVAXa')
     , (953, 'RUgiaSpmYs', 'CfJs31v8EeH9YDioYQWYpSoKzcOUSbv4MLAAtFWiBYHbwFDz5P')
     , (954, 'UekVFeQtxM', 'vhSqEL6aBjmSVKocxpHj4qtWrsAT074tEkBN1eAgvZnfI6Jw8Y')
     , (955, 'HQuYAsvYll', '38RsW4dTOUjq2kqiXXQJu4O9V9DaECXW9nvqJHO1czbiz4V5ph')
     , (956, 'paOwmOXNQa', 'RGwMDtA1CtOlhd0x8AWcUqGLnOk1zB2E322lAPT9bAhtqVyB0k')
     , (957, 'qgtVbGdRBF', '4Jhhs8UZvh1SC1 RuxhCS6QYmCRXhl Ta7CuoQbwAbnhdSbBxn')
     , (958, 'NdfQADSPbu', 'NSVnLQK7sg9F3nbblmMXlHP4MNsdVkAdpSG9zBBpwxUB3jSnlU')
     , (959, 'qRzmmCdzfy', 's HsLN1Ahjt059qVP9xidQuTZjIZfSoSsJERtQMEVp2SIJMihe')
     , (960, 'ZIjPcnUIdm', 'JFyz2DuBW7DqWSb4JM7aQUqDFA7WWjRpNS6kvO JpNnJbbijAE')
     , (961, 'nMLKRzfolb', 'M4llNCSlY8wPz4Kq zN2Z94HDEfaVy LK5plSyKvyrdzolaeMz')
     , (962, 'CrLmvuVrie', 'R9BXX eMYSjWJYJL955f2TNp91oVWY7F8WGfPoUmpNyEmeukx8')
     , (963, 'PHYzDxeyZQ', 'UEi0QtL7ceJWSI8C9cvIaAoZ1E87hQjtckHgRpU1fKotgWgYYr')
     , (964, 'nFxEUfWJDD', '3tlXENC7Lt1uzeSEpDp8FSQDDUKBUnVRUBQyb5qGa2hFeDjos8')
     , (965, 'gaKMBjoMtF', 'hV n3qvIQPIGSdhlieLf1DHOJV8GvteWpXxbT3CuII5gqGGrPG')
     , (966, 'ZxraIiXpSJ', 'FKJgKhonMEmN5W4xovYYRtzyhkdq pYGt2kkVF1UQF93qZxOnr')
     , (967, 'NdVjUbHGgF', 'AxOefa3j5S3EL ZMuMby8YOHjtLnE1RYcIzUmmWVtBlxbOAkBG')
     , (968, 'zroKZmMAQN', '8qA3D8U2YoJnymASKgqUHs922YzozW44Dme3px1DdPHURWzbvE')
     , (969, 'NlDJwHqkLk', 'DwCWWfuEuTaMWt3yRfq8TB3mW JN2Qh6gcF2v3YXp0OSkqBKyl')
     , (970, 'JguGeLnpFT', 'q9Ap1GN4JW8lAQdscUrZ8Cdau2ZQ11qORxM1VEMjAgOJf1nzfD')
     , (971, 'QnawqxiEQl', 'oWompmucFAf2kZjkQZF9Yj7RUdoWkxsuFFu4ovjOQfp9uagrgw')
     , (972, 'JZwxynRBPa', 'F0Oh0Yhsml80Zus1rBCCulE2GarLEgvTSt5yU4yznXNBCooNna')
     , (973, 'bbdcHyCvOe', 'NrWFLJl7jUtS1Dwt  Hrd7TV93DeMfJS4vEUcUGr77sXlHMxNb')
     , (974, 'IdWzKOUodL', 'ztkl0hAcMKXPJyQOMvQ dRRh169bNL6u1tsakBpFzaNFRcIQKk')
     , (975, 'GBDftPcsJJ', 'Xls85bKup74pPLq2EEDlpuO HX0hG8tCTLBBCpR2PIA8AAKEQO')
     , (976, 'sVgDsIbGbP', 'z6adCR z2FP2xw0D sGtjueh0mlA1Ww3Zg5i6bGuLGFHxz8yZW')
     , (977, 'CUansMKwbp', 'xnwLpqGjruvy Rzz1uQHNPaLhXCrDF9SNV1hUWGgZQ868N3xkS')
     , (978, 'DQqhOHrUaX', 'pHQrKjf5XWZemYiMwiY4iD43EDdfo429KogOWQEzUM LgolkJI')
     , (979, 'qEehgpcvXH', 'ExIHoL1HYGVL37HSXd4BP1 ARbqXRibAGk vXzjF shvD4ruK9')
     , (980, 'EEidKCuyRZ', 'wFJwkHVrma0L695sQijQKDNZBZGjuuEwQJDPCCtyeuEzTIhzpu')
     , (981, 'QlAqVYCYjt', 'IHpcRciRX6qu3iLM9hs5nOYFQ0TPtjgyCLO9sZpqq8s74NAR6e')
     , (982, 'QJPDHdfHlG', '4mNzkyXfilzrnJoJbaZaOk0CcjUqJNjGK7HaiLUsXzECAFva66')
     , (983, 'mSWdjtfFHa', '68FrHZ8fGl9Bj1zSumlYrZbrRleMo875VGx2Pcf9BJWIqXaD9I')
     , (984, 'UOrnbFLTZu', 'VLRsGv7ioqdZY6Pg8D7X7k8eEyN hlUroDKGRdFNytTPSfWozj')
     , (985, 'HbgWGLpGKK', 'ZjLncXFvPy8Mm 81bi97x1IIairuyp6phm9Is00YaSrbheWXee')
     , (986, 'AyNzcuKwyh', 'xqJrNphzmJQRjzdfg1lHzPM0rVyTKX9X8NWUVAxXAAtdivpfmv')
     , (987, 'vWMLyMrHQg', 'FdBv1WcuMqfBihnEuiYKpzg1L5ayQUqFxGonVtxm5BC8K6tcoW')
     , (988, 'QbUxoxjzuW', 'GrcKxdwe4Q8ULcRLGi3WyieZY0L3YUv5MFC99IuKiAVWOXc0C ')
     , (989, 'lVZvlKIXyh', 'tMzMpMWipkF4e29UtUoe044P31WUFb3Y1KDtVvzldDvg08yW3w')
     , (990, 'bLdXanzkOR', 'ZjIPHNvBsn0wAM iPPNtrwc4nxq08BqX29Q9sZZPi939TYuby5')
     , (991, 'pffyRiAtrC', 'pvuIcmNxsFShD DfeE qUg8occBYsUcxS8jBrtvUD27vRK2wcm')
     , (992, 'MMdDAgpaYE', 'dtHTHySGopxVsQai6SywBeOhuHoOYM5U5JUqWgr0Lozf49XB9l')
     , (993, 'OdQkvkjFwO', 'WVSADKC1Z8r wfI1si5HlhnJzLrqmeph gnpLQBGqxwTQPu9w5')
     , (994, 'viRNnsilvC', 'OCpLXZo7YB5oQKGOYO09vhh0XTJn6JZqNgxO0p82mQlfU8vbvY')
     , (995, 'jYIunKfhLq', 'oJKRJbM38Oe6skX0VXGQ0l6dumFCZZLVO8WldVuemMzlkHkrWM')
     , (996, 'yYerlNRHHJ', 'MM68BXIN2G3OBu6HkHZHOvbfkDWVI1e0fYcMvArghPrmeIEkol')
     , (997, 'UWaRwRcWcP', 'CBGOPUZKm08AWlFStQ8g4kokmkiIrWUZnhxwevCRk9N4f2JTMN')
     , (998, 'qgrJrfqloF', '20nNACuqfFO5pEPJCzAzyi42nG9yUMBsx1413OhZ0rsUSqV8F6')
     , (999, 'QiGYpnRsnM', 'DPc55RxFYPB4VxlGUoaTcdz2BR6d kWjL97tJbOwCqL9ozVrgZ')
     , (1000, 'lkbvscwyDh', 'ZAJYEETNdOTpl  z6GSyFb4MhVr2GTGFfGS3FGRcr3OtHFiE6C');